"Post ID","Account ID","Account username","Account name",Description,"Duration (sec)","Publish time",Permalink,"Post type","Data comment",Date,Views,Reach,Likes,Shares,Replies,"Link clicks",Navigation,"Profile visits",Follows,"Sticker taps"
18043749494613806,17841401475580469,nicki.entenmann,"Nicki Entenmann","Of course the week I have to be in a bikini I’ve worked out once and am a ravenous beast 💁🏼‍♀️",0,"04/30/2025 18:26",https://instagram.com/stories/nicki.entenmann/3622559474327361912,"IG story",,Lifetime,15627,14378,137,0,18,,14872,31,,
17968406612855097,17841401475580469,nicki.entenmann,"Nicki Entenmann","I’ll let you know (maybe even a tad early 😏) when it’s out so you snag before it sells out!",0,"04/30/2025 18:19",,"IG story",,Lifetime,14753,13965,110,1,10,,15669,10,,
18032275613640997,17841401475580469,nicki.entenmann,"Nicki Entenmann",,6,"04/30/2025 18:18",,"IG story",,Lifetime,14395,13655,148,6,15,,12043,8,,
17935348157901402,17841401475580469,nicki.entenmann,"Nicki Entenmann","I’ve been trying it for a month and it’s top 3 without question!!! So many Arnold Palmers by the pool in our future 😮‍💨🍋 @drinklmnt 🚨🚨FLAVOR OF THE SUMMER COMING TO YOU SO SOON 🚨🚨🚨 @drinklmnt",30,"04/30/2025 18:13",,"IG story",,Lifetime,15350,14429,274,41,87,,16114,17,,
18073661629852923,17841401475580469,nicki.entenmann,"Nicki Entenmann","That spring storm life ⛈️🌈",0,"04/30/2025 17:33",,"IG story",,Lifetime,15633,14658,156,0,1,,16229,31,,
18024134573678440,17841401475580469,nicki.entenmann,"Nicki Entenmann","Anyone on that BBL allegation 
and tiny waist journey. K same 🫡",34,"04/30/2025 13:22",,"IG story",,Lifetime,16572,15718,184,1,7,275,17018,50,,
17991616508643363,17841401475580469,nicki.entenmann,"Nicki Entenmann","Buy 3, get one free!",0,"04/30/2025 13:18",,"IG story",,Lifetime,16926,16228,107,0,2,62,17855,14,,
18079233241768980,17841401475580469,nicki.entenmann,"Nicki Entenmann","I hate reapplying spf on my face cuz I don’t wanna smear my makeup so this is 1000/10 for a spf refresh",0,"04/30/2025 13:18",,"IG story",,Lifetime,17317,16479,134,0,0,433,17963,10,,
18034640150330086,17841401475580469,nicki.entenmann,"Nicki Entenmann","Makes your under eye 
feel v Bonita 💅
I love taking on trips!  Apart of buy 3, get 1 free sale 
(Can be a variety of items!)",0,"04/30/2025 13:18",,"IG story",,Lifetime,17710,16768,135,1,2,479,18079,6,,
18047375108114208,17841401475580469,nicki.entenmann,"Nicki Entenmann","NICKI20 should work for discount!  #crpartner @colleenrothschild  If you are acne prone these pads are the best/nothing has helped like they do
And best daytime eye cream out there",52,"04/30/2025 13:15",,"IG story",,Lifetime,17786,16753,142,6,7,323,18226,8,,15
18358306657180752,17841401475580469,nicki.entenmann,"Nicki Entenmann","This is not a drill!! 30% off alo happening. Including our favorite sweatshirt",0,"04/30/2025 13:06",,"IG story",,Lifetime,18220,17159,154,1,7,763,19447,,,
18063132725020365,17841401475580469,nicki.entenmann,"Nicki Entenmann","Toddler kind of lunch 👧🏼🧒🏼👶🏼 Don’t know macros, don’t care. 

This sounded good so we’re gonna demolish mmmmkay",0,"04/30/2025 12:25",https://instagram.com/stories/nicki.entenmann/3622378226720565738,"IG story",,Lifetime,19377,18160,300,0,21,,21315,26,,
18075322846803286,17841401475580469,nicki.entenmann,"Nicki Entenmann","Stories that drag on actually kill me 💀 
My ADD can’t handle it 

So I try to keep mine Short. Sweet. Sarcastic. Informative. 
and fit in 203838291 words in 3 frames 

You girls got things to doooooo 💅",0,"04/30/2025 12:18",,"IG story",,Lifetime,19950,18744,424,0,60,,19769,30,,
18057081772981033,17841401475580469,nicki.entenmann,"Nicki Entenmann",,28,"04/30/2025 12:06",https://instagram.com/stories/nicki.entenmann/3622368677473043690,"IG story",,Lifetime,20044,18618,188,1,9,,18350,23,,
17873960913338706,17841401475580469,nicki.entenmann,"Nicki Entenmann",,57,"04/30/2025 12:06",https://instagram.com/stories/nicki.entenmann/3622368265710063773,"IG story",,Lifetime,20928,19135,181,0,5,,18037,33,,
18079680547627502,17841401475580469,nicki.entenmann,"Nicki Entenmann",,60,"04/30/2025 12:04",https://instagram.com/stories/nicki.entenmann/3622367258120617360,"IG story",,Lifetime,21757,20010,227,0,12,,19307,80,,
18144751927376497,17841401475580469,nicki.entenmann,"Nicki Entenmann",,57,"04/30/2025 11:58",https://instagram.com/stories/nicki.entenmann/3622364776158045582,"IG story",,Lifetime,22818,20967,292,1,23,,21595,241,,
18034335875333767,17841401475580469,nicki.entenmann,"Nicki Entenmann","A few more days to enter this weeks gifting! I really appreciate all your love and engagement ❤️",0,"04/30/2025 09:50",,"IG story",,Lifetime,26747,24397,982,11,2338,,27783,1506,1,
18037802591302317,17841401475580469,nicki.entenmann,"Nicki Entenmann","Ok fine, twist my arm",0,"04/29/2025 18:57",,"IG story",,Lifetime,22131,21153,277,1,57,,24059,78,,
18323938453203374,17841401475580469,nicki.entenmann,"Nicki Entenmann","Another episode of Nicki tries to be trendy 😎 but ends up looking 
like I watch Men in Black and drink Mountain Dew in my moms basement",0,"04/29/2025 17:57",,"IG story",,Lifetime,22135,20909,243,10,138,,22727,41,1,
18076110487835501,17841401475580469,nicki.entenmann,"Nicki Entenmann","Bagged Lettuce & chicken is the base to 7-10 meals a week for me 

Stop complicating it",0,"04/29/2025 15:18",https://instagram.com/stories/nicki.entenmann/3621740312688479045,"IG story",,Lifetime,19139,17795,146,2,19,,19625,36,,
17982456920821540,17841401475580469,nicki.entenmann,"Nicki Entenmann","In case you missed
 this one 🫶🏻 Requests for this shirt, bra and shoes",0,"04/29/2025 15:11",,"IG story",,Lifetime,19371,18338,119,0,6,474,21347,19,,
18052467335042545,17841401475580469,nicki.entenmann,"Nicki Entenmann","Guys-you’re all fired if you don’t remind me to clean my dirty ass mirror game",0,"04/29/2025 15:10",,"IG story",,Lifetime,19321,18088,116,1,6,740,20505,33,,
18095192416561725,17841401475580469,nicki.entenmann,"Nicki Entenmann","I was on a readying frenzy and it’s kinda been stale this month! Should I just start reading book 3 of ACOTAR?!",0,"04/29/2025 13:53",,"IG story",,Lifetime,19442,18530,87,0,20,,19995,39,,
18091494862596486,17841401475580469,nicki.entenmann,"Nicki Entenmann","I’ve had these for years!!!! Great for tight clothes but they JUST came out with sticky ones (circle and triangles) when you’re wearing loose tops so I’ll report back  after this trip  NICKI10 for 10% off should work  @cakesbody",60,"04/29/2025 13:39",,"IG story",,Lifetime,13352,12723,63,2,5,282,12986,12,,
17954179940944610,17841401475580469,nicki.entenmann,"Nicki Entenmann","Code NICKIENT for 30% off  @athenaclub  #athenaclubpartner",0,"04/29/2025 10:34",,"IG story",,Lifetime,14414,13787,54,0,3,84,14685,19,,
17970427748737216,17841401475580469,nicki.entenmann,"Nicki Entenmann","TAP HERE and use code NICKIENT for 30% off your Athena Club Razor Kit! 

The razor kit includes a razor handle, 2 5-blade cartridges and 1 magnetic hook!  @athenaclub  #athenaclubpartner",56,"04/29/2025 10:33",,"IG story",,Lifetime,14508,13932,65,1,5,100,14540,10,,
18313106356232530,17841401475580469,nicki.entenmann,"Nicki Entenmann","@athenaclub  #athenaclubrazor  Water activated hyaluronic acid and shea butter so it’s almost like a shaving cream & lotion built in your razor! Closest shave, no razor burn legs are silkyyyyy 💅",45,"04/29/2025 10:32",,"IG story",,Lifetime,14566,14140,57,1,2,,14569,4,,13
18043239497183064,17841401475580469,nicki.entenmann,"Nicki Entenmann","@athenaclub  Code: NICKIENT for 30% off
Makes the razor kit $8 #athenaclubpartner",58,"04/29/2025 10:30",,"IG story",,Lifetime,14926,14224,73,0,10,106,15244,7,,
18289782499222214,17841401475580469,nicki.entenmann,"Nicki Entenmann","M in both  Lulu on Amazon budget",37,"04/29/2025 10:25",,"IG story",,Lifetime,15333,14449,106,3,5,857,16486,7,1,
18073495198855812,17841401475580469,nicki.entenmann,"Nicki Entenmann","Ok just got these in from Amazon! They’re under $25 but also v cheeky just a FYI!",0,"04/29/2025 10:24",,"IG story",,Lifetime,15182,14545,118,3,33,256,15473,11,,
17857062858420656,17841401475580469,nicki.entenmann,"Nicki Entenmann","My larger tennis bracelet is $18 right now

The small one is real diamonds and I get more compliments/questions on the fake one!",0,"04/29/2025 10:17",,"IG story",,Lifetime,15287,14679,76,0,2,403,14756,13,,
17871566382253466,17841401475580469,nicki.entenmann,"Nicki Entenmann",,54,"04/29/2025 10:09",,"IG story",,Lifetime,15517,14852,93,4,13,,14179,6,1,
18066809215812232,17841401475580469,nicki.entenmann,"Nicki Entenmann",,53,"04/29/2025 10:06",,"IG story",,Lifetime,16080,15534,92,0,8,,15135,13,,
17847309186438611,17841401475580469,nicki.entenmann,"Nicki Entenmann","Fago 0%
Scoop of vanilla protein powder
Scoop of collagen 
Blubs
🧸🧸🧸 Adding some teddy grahams to yogurt for cheesecake  crust vibes 💅",0,"04/29/2025 09:56",https://instagram.com/stories/nicki.entenmann/3621578215329508137,"IG story",,Lifetime,17870,17201,158,6,19,,15937,37,,
18062615024017797,17841401475580469,nicki.entenmann,"Nicki Entenmann","Ants on a log will always slay 💅🐜",9,"04/28/2025 16:34",,"IG story",,Lifetime,27195,25377,250,2,19,,26619,155,,
18092841079571506,17841401475580469,nicki.entenmann,"Nicki Entenmann","My kids “fruit snacks” after school. 
NO ONE tell them it’s good for them!! @grunsdaily",0,"04/28/2025 13:53",,"IG story",,Lifetime,28610,26735,140,0,0,71,29326,43,,4
17913800993998515,17841401475580469,nicki.entenmann,"Nicki Entenmann","Vitamins, minerals, antioxidants, prebiotic, whole food nutrition, fruits, veggies- come in single packets-8 gummy bears. 
SWEAR BY THEM Get up to 52% off with my link @grunsdaily",0,"04/28/2025 13:51",,"IG story",,Lifetime,29210,27349,170,2,4,194,31514,16,,11
17929472217021569,17841401475580469,nicki.entenmann,"Nicki Entenmann","Listen. These are sexyyyy and very 🍈🍈 licious. 
Not wearing with the kids around  All of them linked here!",0,"04/28/2025 13:08",,"IG story",,Lifetime,30559,28875,218,6,23,755,32420,29,,
18057232070131518,17841401475580469,nicki.entenmann,"Nicki Entenmann",,31,"04/28/2025 13:06",,"IG story",,Lifetime,30739,29042,196,1,21,,34910,14,,
18059493647144794,17841401475580469,nicki.entenmann,"Nicki Entenmann","Ty said the top looks like sunglasses 😎",35,"04/28/2025 13:05",,"IG story",,Lifetime,31651,29589,319,11,75,,34101,30,,
18077928019813302,17841401475580469,nicki.entenmann,"Nicki Entenmann","Everything linked here ❤️ @target  #ad  #targetcreator  #paidlink #targetspringbeauty #targetbeauty  #targetstyle  #target",5,"04/28/2025 11:26",,"IG story",,Lifetime,32135,30564,255,0,4,371,31890,70,,
18300694999242650,17841401475580469,nicki.entenmann,"Nicki Entenmann","@target  #ad  #targetcreator  #paidlink #targetspringbeauty #targetbeauty  #targetstyle  #target  Great brands at a great price!!",43,"04/28/2025 11:24",,"IG story",,Lifetime,33093,31529,281,2,2,284,33186,35,,2
18111566284485104,17841401475580469,nicki.entenmann,"Nicki Entenmann","@target #ad 
#targetcreator #paidlink  #targetspringbeauty #targetbeauty #target  #targetstyle  Body SPF, lip and a setting mist (great for on top of makeup!!!)",46,"04/28/2025 11:22",,"IG story",,Lifetime,34313,32512,310,2,13,469,33260,60,1,
18078467671752462,17841401475580469,nicki.entenmann,"Nicki Entenmann","@target  #ad #targetcreator  #paidlink #targetspringbeauty #targetbeauty  #targetstyle  #target",51,"04/28/2025 11:20",,"IG story",,Lifetime,35605,33433,379,1,4,679,34560,43,,
18184052062315663,17841401475580469,nicki.entenmann,"Nicki Entenmann","Plain yogurt  Fried Eggies Kodiak protein pancakes 
Berries and whip cream",0,"04/28/2025 11:07",,"IG story",,Lifetime,36617,34805,483,2,21,,38442,69,,
18044111246172179,17841401475580469,nicki.entenmann,"Nicki Entenmann","The next 2 weeks, 
there is no macro tracking for me 💅

Food is fuel,  moving my body for Hyrox, eat 80% whole food nutrition cuz it makes me feel good, but enjoy my vacaaaaa

What you do this month will show next month-

Memories over macros.",28,"04/28/2025 11:06",,"IG story",,Lifetime,39113,36465,792,2,45,,42031,431,,
17960114297782855,17841401475580469,nicki.entenmann,"Nicki Entenmann","Look at the new drops 🔥 Ok you girls have spoken and you want these to be our giveaway this week!  Giving THREE of you these sneaks (you can pick your color) 

Comment “sneakers” here and like my reels this week!",0,"04/28/2025 09:06",,"IG story",,Lifetime,44944,41679,1420,20,5402,,45259,2069,2,
18113822440485862,17841401475580469,nicki.entenmann,"Nicki Entenmann","2019 😭 2025 B wasn’t even
 born yet  Tradition to take a pic in the same spot on the 1st round every year",0,"04/27/2025 17:02",,"IG story",,Lifetime,20803,19830,405,3,23,,20600,47,,
18363646216134403,17841401475580469,nicki.entenmann,"Nicki Entenmann","Jack Attack 🙌🏻",7,"04/27/2025 16:57",,"IG story",,Lifetime,20649,19663,131,0,5,,18331,7,,
18272648026284926,17841401475580469,nicki.entenmann,"Nicki Entenmann",,6,"04/27/2025 16:56",,"IG story",,Lifetime,20853,19934,138,0,7,,18663,9,,
18010703771549994,17841401475580469,nicki.entenmann,"Nicki Entenmann","Queen energy 👑",7,"04/27/2025 16:55",,"IG story",,Lifetime,21152,20098,140,0,8,,18962,4,,
18080379793775305,17841401475580469,nicki.entenmann,"Nicki Entenmann","First family round 
of the season ⛳️❤️",0,"04/27/2025 16:45",,"IG story",,Lifetime,21934,20791,231,3,25,,21782,44,,
18030583895381013,17841401475580469,nicki.entenmann,"Nicki Entenmann","On sale!!! SPF 50 
clean
Little shimmer 
Hyaluronic acid, vitamin c & d
Smells heavenlyyyyy @koparibeauty",38,"04/27/2025 13:56",,"IG story",,Lifetime,20125,18626,65,6,6,818,19437,21,,
18074277850889154,17841401475580469,nicki.entenmann,"Nicki Entenmann","@koparibeauty  It’s smells AMAZINGGGG and 
I use their body wash",54,"04/27/2025 13:54",,"IG story",,Lifetime,20067,18745,63,1,6,342,19807,15,,
18065899693819953,17841401475580469,nicki.entenmann,"Nicki Entenmann","Ended up using majority of all these this weekend!",0,"04/27/2025 13:39",,"IG story",,Lifetime,16794,15868,22,0,2,208,17587,2,,
18027625997662715,17841401475580469,nicki.entenmann,"Nicki Entenmann",,0,"04/27/2025 13:37",,"IG story",,Lifetime,16897,15967,26,0,0,139,17937,9,,
17867199459281916,17841401475580469,nicki.entenmann,"Nicki Entenmann","What I wore today 

These shorts are a really pretty plum color!",0,"04/27/2025 13:14",,"IG story",,Lifetime,20927,19394,51,0,7,463,21965,31,,
18070103923821420,17841401475580469,nicki.entenmann,"Nicki Entenmann","One of our favorite sets is on sale!  M in top / S in bottoms (size down 1)",0,"04/27/2025 13:12",,"IG story",,Lifetime,17726,16661,35,0,1,144,18188,27,,
18068487679758833,17841401475580469,nicki.entenmann,"Nicki Entenmann","Long winded way of saying-

Don’t compare your journey to mine or anyone else’s, 

you shouldn’t
 live in a deficit forever, hit your goals and get out 

tracking macros is a great tool but you don’t need to be a robot forever 

The biggest thing holding you back is consistency, patience, and excuses

Love ya mean it",0,"04/27/2025 10:14",https://instagram.com/stories/nicki.entenmann/3620137567694971052,"IG story",,Lifetime,18356,17139,185,0,25,,17119,23,,
17930619860919700,17841401475580469,nicki.entenmann,"Nicki Entenmann","I hope my journey has inspired you, but not intimidate you. This was an ‘extreme’ few months for me and I’m ready for a little more balance",48,"04/27/2025 10:06",https://instagram.com/stories/nicki.entenmann/3620133962380465190,"IG story",,Lifetime,18639,17273,88,1,23,,16683,9,,
17890333485235531,17841401475580469,nicki.entenmann,"Nicki Entenmann","Full transparency -I’m proud of what I’ve accomplished, but it is not realistic for me to stay like this long term-",50,"04/27/2025 10:04",https://instagram.com/stories/nicki.entenmann/3620132741384851457,"IG story",,Lifetime,18994,17558,82,0,8,,16377,5,,
17848442199427300,17841401475580469,nicki.entenmann,"Nicki Entenmann","I am so proud of myself but I am over being in a deficit
 😬😂",53,"04/27/2025 10:01",https://instagram.com/stories/nicki.entenmann/3620132117993821240,"IG story",,Lifetime,19373,17717,105,2,8,,16242,18,,
18096140869493433,17841401475580469,nicki.entenmann,"Nicki Entenmann","I’m fighting for my life solo parenting and Ty golfed in front of scheffler yesterday. We’re not living the same  weekend",44,"04/27/2025 09:57",,"IG story",,Lifetime,18692,17748,71,2,10,,17234,40,,
17881543365180668,17841401475580469,nicki.entenmann,"Nicki Entenmann","Followed by Upper body and body weight legs 
( with a side of sass from the children)
Type of workout 🫣",44,"04/27/2025 09:06",https://instagram.com/stories/nicki.entenmann/3620103814864030848,"IG story",,Lifetime,19987,18744,66,3,13,,18895,17,,
17855619456423675,17841401475580469,nicki.entenmann,"Nicki Entenmann","Knee is still 🫠🫠

I’ve had to accept the time goals I had for Hyrox may not happen but still going to give my best effort. 

The competitive athlete in me is crying. My mindset is you either win or don’t show up ☠️",41,"04/27/2025 09:05",https://instagram.com/stories/nicki.entenmann/3620103127207954528,"IG story",,Lifetime,20312,19265,75,0,22,,20898,19,1,
18056822687175227,17841401475580469,nicki.entenmann,"Nicki Entenmann","French Toast Sundays 🍞🍁 Easy way to sneak in eggs for kids 🙌🏻

Instead of maple syrup (tonssss of sugar) I do a little butter/ powdered sugar & swerve brown sugar
or 
a little whip cream & berries",0,"04/27/2025 07:52",,"IG story",,Lifetime,20328,19433,88,1,8,,19632,17,,
18064174604486084,17841401475580469,nicki.entenmann,"Nicki Entenmann","Sleepy girl makeup 😴",29,"04/26/2025 17:32",,"IG story",,Lifetime,19085,17682,65,0,10,680,17763,41,,
17902551198170029,17841401475580469,nicki.entenmann,"Nicki Entenmann","I only ate a Starbucks turkey bacon sandwich and protein bar and I’m starvingggggg. Give me real food 👋🏻👋🏻👋🏻👋🏻",51,"04/26/2025 14:04",,"IG story",,Lifetime,17323,16397,87,0,2,,19211,19,,
17911312983012003,17841401475580469,nicki.entenmann,"Nicki Entenmann","@sheenarobertson 
@jennabuch 

Sneaker winners! Dm to claim!",5,"04/26/2025 14:00",,"IG story",,Lifetime,17154,16438,104,0,11,,16763,3,,232
17902228791155108,17841401475580469,nicki.entenmann,"Nicki Entenmann","And sweet B with the goal 
And P slaying the piano lessons 💅",5,"04/26/2025 13:57",,"IG story",,Lifetime,17408,16699,48,0,1,,15042,8,,
17933592816037889,17841401475580469,nicki.entenmann,"Nicki Entenmann","8🥍 ❤️
2 big W’s today",13,"04/26/2025 13:55",,"IG story",,Lifetime,18060,17179,77,0,2,,17936,17,,
18018038261702527,17841401475580469,nicki.entenmann,"Nicki Entenmann","Thriving 😒",0,"04/26/2025 08:00",,"IG story",,Lifetime,20691,19720,79,1,29,,21660,46,,
18027598940429728,17841401475580469,nicki.entenmann,"Nicki Entenmann","Off to 2449492 sports & activities today in the cold 
🥶🥶🥶
Happy Saturday!",0,"04/26/2025 07:08",,"IG story",,Lifetime,21902,20940,116,0,5,,21075,43,,
18510157870035535,17841401475580469,nicki.entenmann,"Nicki Entenmann","Not that I EVER have problems hitting my carb macros, but if you do- dried fruit is your bestie 
(Just make sure there is no added sugar)",0,"04/25/2025 15:26",,"IG story",,Lifetime,22171,21269,65,0,5,,22700,46,,
18457059163077368,17841401475580469,nicki.entenmann,"Nicki Entenmann","I don’t share other peoples 
kids on my social media, 
but what I thought would be an ordinary day, turned into one I’ll never forget. 

I got to watch paisley 
and her 2nd grade classmates pray
over each other and I bawled. 

 Jesus is working in our youth, 
his presence is stronger than ever and 
makes me so proud to be raising God fearing children in a broken world",21,"04/25/2025 13:47",,"IG story",,Lifetime,23261,22288,1355,3,185,,23664,48,,
18385930849187516,17841401475580469,nicki.entenmann,"Nicki Entenmann","Someone rock this please!",51,"04/25/2025 12:38",,"IG story",,Lifetime,20332,19498,57,2,41,113,21361,8,,
17949341750949902,17841401475580469,nicki.entenmann,"Nicki Entenmann","Size down 1 if in between sizes",42,"04/25/2025 12:38",,"IG story",,Lifetime,20372,19621,51,0,14,164,21248,2,,
18495686908035557,17841401475580469,nicki.entenmann,"Nicki Entenmann",,52,"04/25/2025 12:37",,"IG story",,Lifetime,20811,19684,141,2,52,739,20529,7,,
18049035002089219,17841401475580469,nicki.entenmann,"Nicki Entenmann","Got this on too!",52,"04/25/2025 12:37",,"IG story",,Lifetime,20583,19828,136,1,38,181,21337,10,,
18059844071122298,17841401475580469,nicki.entenmann,"Nicki Entenmann",,58,"04/25/2025 12:37",,"IG story",,Lifetime,21114,20108,72,3,23,175,21225,11,,
18066681634988289,17841401475580469,nicki.entenmann,"Nicki Entenmann","I go to @inkedesti at @eunoiamedspa for my laser hair removal and she did a hydrafacial on me today ❤️🙌🏻 If you’re local you can also mention my name for $100 off any laser 
hair removal treatment",9,"04/25/2025 11:03",,"IG story",,Lifetime,20350,19229,72,1,2,,17358,19,,198
17891814531218733,17841401475580469,nicki.entenmann,"Nicki Entenmann",,60,"04/25/2025 08:47",,"IG story",,Lifetime,21860,20040,204,8,109,,19268,45,,
17947763558970321,17841401475580469,nicki.entenmann,"Nicki Entenmann","What a steal for $600 to look like you starred in 
A Bugs Life",0,"04/24/2025 19:17",,"IG story",,Lifetime,24132,22561,96,15,188,,25917,43,,
18038855900631532,17841401475580469,nicki.entenmann,"Nicki Entenmann","Sunglass recs Yes I’m stress shopping",5,"04/24/2025 18:50",,"IG story",,Lifetime,24165,22906,34,0,6,,26343,12,,
18268162501282151,17841401475580469,nicki.entenmann,"Nicki Entenmann",,0,"04/24/2025 18:40",,"IG story",,Lifetime,24699,23150,45,0,9,,26199,17,,
18176255512323833,17841401475580469,nicki.entenmann,"Nicki Entenmann","Best swimsuit coverups I usually get them from AF or Amazon but I’m getting boreddd 🥱",0,"04/24/2025 18:16",,"IG story",,Lifetime,25864,24171,45,0,6,,28713,28,,
18364356508125232,17841401475580469,nicki.entenmann,"Nicki Entenmann","Hey Nicki, clean your mirror  I went Jean shopping last weekend and these are the only ones I came home with! Outfit linked 
Good ol classic @levis",0,"04/24/2025 17:55",,"IG story",,Lifetime,27289,25155,178,2,31,1091,28340,18,1,76
17963439002871880,17841401475580469,nicki.entenmann,"Nicki Entenmann","Oh and toilet paper cuz I once had to use my sweater sleeve to wipe a butt during an emergency poop on the side of the road 
#momlife",0,"04/24/2025 14:59",,"IG story",,Lifetime,28914,26610,185,12,130,,29605,42,,
18326501008166106,17841401475580469,nicki.entenmann,"Nicki Entenmann","Sports mom trunk restock  Chairs
Waterproof blankets 
Waters
Snacks
Hand warmers
First aid kit 
Taser & window breaker 
Beanies & gloves 
Sunscreen",60,"04/24/2025 14:56",,"IG story",,Lifetime,29994,27256,155,8,18,581,30520,27,,
18058272302177479,17841401475580469,nicki.entenmann,"Nicki Entenmann","Hands down the BEST whitening. Non toxic, enamel safe, work so good  @lumineuxhealth",0,"04/24/2025 14:30",,"IG story",,Lifetime,30044,28119,84,2,11,331,32312,31,,
18118559821460102,17841401475580469,nicki.entenmann,"Nicki Entenmann","$110 $64 My golf dress is old but found similar and it’s on major sale!",5,"04/24/2025 13:18",,"IG story",,Lifetime,30740,28908,69,2,1,308,30759,39,,
17945535941848665,17841401475580469,nicki.entenmann,"Nicki Entenmann","Just saw this link gets 25% off for new and returning customer 
🥳🥳🥳",0,"04/24/2025 12:36",,"IG story",,Lifetime,32293,30307,95,7,13,903,33062,22,,
18045065996417745,17841401475580469,nicki.entenmann,"Nicki Entenmann","Great for hydration, headaches, workout, hormones, adrenal, for your kids,
take in summer!!!! 
Stop giving them sugary sports drinks!!!!
100/10 recommend 

New flavor coming out in May is 
🙌🏻🙌🏻🙌🏻🙌🏻🙌🏻🙌🏻🙌🏻
DELICIOUS
(You’ll be the first to know if you snag here)",60,"04/24/2025 12:34",,"IG story",,Lifetime,33676,31656,108,3,16,832,33287,29,,
18092972845503592,17841401475580469,nicki.entenmann,"Nicki Entenmann","Wait for it…..BEAST",18,"04/24/2025 12:32",,"IG story",,Lifetime,34586,33092,93,2,23,,30942,31,,
17896398936194624,17841401475580469,nicki.entenmann,"Nicki Entenmann","I’ll have a code
 next week for Athena",56,"04/24/2025 12:31",,"IG story",,Lifetime,36639,34460,129,0,12,,35147,41,,
18006777041741925,17841401475580469,nicki.entenmann,"Nicki Entenmann","Let’s unbox some shizzzzzz",58,"04/24/2025 12:30",,"IG story",,Lifetime,38939,36466,180,0,10,628,36932,60,,
18066348409943131,17841401475580469,nicki.entenmann,"Nicki Entenmann",🤜🏼🤛🏼⛳️,0,"04/24/2025 09:49",,"IG story",,Lifetime,41419,40390,346,0,24,,45884,71,,
17916118305096170,17841401475580469,nicki.entenmann,"Nicki Entenmann","Weekly gifting still up for grabs!! 2 of you getting these 
(Whatever color you want)  Comment “sneakers” here",0,"04/24/2025 09:36",,"IG story",,Lifetime,45423,43834,971,14,7032,,47614,171,,
17866285758284288,17841401475580469,nicki.entenmann,"Nicki Entenmann","Not this being my first reel I see when I open my phone ☠️",7,"04/23/2025 20:01",,"IG story",,Lifetime,27304,25880,161,11,37,,23853,39,,
18065123351052280,17841401475580469,nicki.entenmann,"Nicki Entenmann","Thisssssss. Bring accountability, resilience, and hard work back",34,"04/23/2025 18:03",,"IG story",,Lifetime,29320,26983,740,32,127,,31563,79,,
18031224554359405,17841401475580469,nicki.entenmann,"Nicki Entenmann","Tore my meniscus 
when I was playing 
college bball and 
had surgery
 (but never felt the same)
so have always babied it 

The last 6 months it got insanely painful-got an MRI

I have severe arthritis, basically zero cartilage, misalignment, and the front/back kneecap are grinding together  After Hyrox we’ll take a much deeper dive at options to help-until then…….its managing pain and bandaging the problem",5,"04/23/2025 16:09",,"IG story",,Lifetime,25248,24435,62,0,60,,24074,39,,
17861287791327912,17841401475580469,nicki.entenmann,"Nicki Entenmann","@drinkolipop  V into this one rn",0,"04/23/2025 15:14",,"IG story",,Lifetime,22094,21391,55,0,11,,24867,11,,
18081160924732298,17841401475580469,nicki.entenmann,"Nicki Entenmann","Feeds our family + left overs for me during the week  Mom tip: if you have a Whole Foods close-they make family (and macro) friendly meals 
for less than going to the drive thru as a family",0,"04/23/2025 15:11",,"IG story",,Lifetime,22630,21922,244,48,29,,23396,9,,
17883927567166850,17841401475580469,nicki.entenmann,"Nicki Entenmann","I can’t respond to DMs for some reason rn so I’m not ignoring you-we all know how much IG loves me 😒😒",0,"04/23/2025 14:25",,"IG story",,Lifetime,20103,19400,66,1,16,387,20170,15,,
18062262359082242,17841401475580469,nicki.entenmann,"Nicki Entenmann",,52,"04/23/2025 14:02",,"IG story",,Lifetime,19851,19093,66,1,20,,20155,9,,
17967207932890265,17841401475580469,nicki.entenmann,"Nicki Entenmann",,0,"04/23/2025 13:56",,"IG story",,Lifetime,20433,19553,28,0,2,189,20985,6,,
18035029169327238,17841401475580469,nicki.entenmann,"Nicki Entenmann","creatine helps promote muscle building and recovery, but once again, EAA's are necessary to actually create that new muscle. 
So taking them together has brought my muscle toneness to a new level  Amino acids 🤝 creatine has been my dream team  @kion",59,"04/23/2025 13:51",,"IG story",,Lifetime,21494,20308,63,5,19,462,22633,11,,
17928913470021231,17841401475580469,nicki.entenmann,"Nicki Entenmann","@paragonathleticcenter 
@calebfitco  Follow the plan. Not the mood.",52,"04/23/2025 13:21",,"IG story",,Lifetime,23519,22104,145,9,19,,24327,27,,128
18370513528133819,17841401475580469,nicki.entenmann,"Nicki Entenmann","I’m so frustrated cuz I’m training so hard and my knee is setting me back",60,"04/23/2025 12:01",,"IG story",,Lifetime,26965,24750,97,0,67,,25057,80,,
18045341219605002,17841401475580469,nicki.entenmann,"Nicki Entenmann","Adulting is prioritizing wheel of fortune & creatine 💅",0,"04/22/2025 17:50",,"IG story",,Lifetime,9701,9407,31,0,6,,9968,16,,
18303264160241099,17841401475580469,nicki.entenmann,"Nicki Entenmann","Over 30% off right now  5-50 lbs. 
we use them daily!",0,"04/22/2025 14:24",,"IG story",,Lifetime,10597,10163,19,1,2,560,11799,6,,
17920956065964898,17841401475580469,nicki.entenmann,"Nicki Entenmann",,0,"04/22/2025 14:22",,"IG story",,Lifetime,10567,10259,22,1,1,212,11317,,,
17914244163096022,17841401475580469,nicki.entenmann,"Nicki Entenmann","Mommy & B days fill my soul 🥹🏊‍♂️",10,"04/22/2025 14:18",,"IG story",,Lifetime,10599,10357,47,1,3,,9399,3,,
17928286935046219,17841401475580469,nicki.entenmann,"Nicki Entenmann","It’s the hair, skin
 and nails for me 💅 No code needed!
Up to 52% off here  @grunsdaily",5,"04/22/2025 11:10",,"IG story",,Lifetime,11366,11073,23,0,2,99,11184,6,,
18088048804528798,17841401475580469,nicki.entenmann,"Nicki Entenmann","Up to 52% off here  @grunsdaily  20+ vitamins & minerals 
Fruits & Veggies Antioxidants 
Prebiotic
Adaptogens",39,"04/22/2025 11:09",,"IG story",,Lifetime,11555,11330,23,3,3,46,11463,4,,9
18041244962615554,17841401475580469,nicki.entenmann,"Nicki Entenmann","More convenient than the horse pills
Taste better and more affordable than powdered greens
Zero clean up 
Adult gummy bears  @grunsdaily",59,"04/22/2025 11:07",,"IG story",,Lifetime,11895,11552,25,0,3,139,11731,2,,2
17903664396152715,17841401475580469,nicki.entenmann,"Nicki Entenmann","You cannot forget about your MICRO nutrients  I haven’t missed a day since Oct when I started taking @grunsdaily 💅",43,"04/22/2025 11:05",,"IG story",,Lifetime,12308,11884,31,0,4,,12288,11,,12
18065682833508455,17841401475580469,nicki.entenmann,"Nicki Entenmann","I paid for these treatments myself and can’t tell you how amazing it’s been  If you’re local:
@longevitylabwellness is going to 
be at @alineboutique today and tmw
For you to try these machines FOR FREE! 

And they’re raffling off packages worth over 4k. You can mention my name to them too for an extra entry! 

I’m gonna stop by the bellview location tmw!",60,"04/22/2025 09:28",,"IG story",,Lifetime,13782,13257,40,3,11,,13897,16,,176
18065809726820703,17841401475580469,nicki.entenmann,"Nicki Entenmann","If anyone can help my knee and building strength around it, it’s @longevitylabwellness",17,"04/22/2025 09:14",,"IG story",,Lifetime,14784,14198,37,1,14,,14802,5,,47
18072874678860618,17841401475580469,nicki.entenmann,"Nicki Entenmann","Over here wishing 
I had my 
4 year olds knees",23,"04/22/2025 08:23",,"IG story",,Lifetime,16164,15284,178,0,11,,14490,25,,
18064735355069018,17841401475580469,nicki.entenmann,"Nicki Entenmann","Amazon version:
48% polyester 48% modal
4% spandex 
$27
 Lululemon version: 
53% polyester 38% modal
9% spandex
$78 Lulu soft stream shorts on Amazon budget! Almost identical and feel/look THE SAME 
I’m in m-size down 1 if in between sizes",0,"04/21/2025 18:02",,"IG story",,Lifetime,21569,20740,37,5,1,947,21804,90,,
18054191153191174,17841401475580469,nicki.entenmann,"Nicki Entenmann","Fun fact: 
I made the first move 
on Ty after he karaoked this song 
at a bday party 

3 kids and almost 10 years later-this song still slaps",34,"04/21/2025 15:44",,"IG story",,Lifetime,23707,22957,318,2,14,,24824,89,,
18002567642765251,17841401475580469,nicki.entenmann,"Nicki Entenmann","the baddest bishes in all the land…….
But a birdie told me a new flavor is dropping next month 👀",0,"04/21/2025 14:49",,"IG story",,Lifetime,24539,23523,90,5,23,304,25422,19,,
17930481446920768,17841401475580469,nicki.entenmann,"Nicki Entenmann",☠️☠️☠️,8,"04/21/2025 14:34",,"IG story",,Lifetime,25083,24042,149,18,15,,24559,11,,
18079571974774249,17841401475580469,nicki.entenmann,"Nicki Entenmann","swear by these!! Don’t budge, no swagina to be seen, 
6 pack for $25

1000/10 recommend",0,"04/21/2025 13:47",,"IG story",,Lifetime,27016,25593,40,0,9,2717,27932,17,,
17926693389028119,17841401475580469,nicki.entenmann,"Nicki Entenmann","Size down. It runs BIG
Full booty with girly touch",42,"04/21/2025 12:53",,"IG story",,Lifetime,27626,26612,154,14,25,853,28927,27,,
18274185067258095,17841401475580469,nicki.entenmann,"Nicki Entenmann","It’s just lace fabric 🫣",33,"04/21/2025 12:35",,"IG story",,Lifetime,27803,26946,80,2,28,,30498,9,,
18160563397354838,17841401475580469,nicki.entenmann,"Nicki Entenmann","It’s all fun and games until the resort outfit you were excited about shows your meat curtains and smells like moth balls",5,"04/21/2025 12:33",,"IG story",,Lifetime,28101,27181,105,14,94,,24453,13,,
18055830941240911,17841401475580469,nicki.entenmann,"Nicki Entenmann",,7,"04/21/2025 12:14",,"IG story",,Lifetime,28879,27656,125,22,41,,24492,21,,
17857835388407663,17841401475580469,nicki.entenmann,"Nicki Entenmann","Lunch  Rotisserie chicken teets
Bagged kale salad
Crispy dillies (salad section of grocery) 
Tajin corn nuts (salad section of grocery) 
Feta
Avocado oil & vinegar",0,"04/21/2025 11:56",,"IG story",,Lifetime,30350,28467,140,1,16,,31159,21,,
18036570002636818,17841401475580469,nicki.entenmann,"Nicki Entenmann","Tried to explain in this reel on the 
changes I made to lose 
those last stubborn 15 lbs 
(I’m long winded so it was hard 🫣)",60,"04/21/2025 10:53",,"IG story",,Lifetime,32931,29840,121,1,8,,32783,59,,
18061916719872646,17841401475580469,nicki.entenmann,"Nicki Entenmann","NICKI20 should work for 20% off!
LASTS FOREVER  I feel like most are a scam 🫢
I just don’t get spending $300 on something that doesn’t really work. 

This is the ONLY one I swear by-brightens the under eye (almost like a concealer) for an affordable price",60,"04/21/2025 09:55",,"IG story",,Lifetime,39560,36311,92,2,18,1681,39765,120,1,
18503851963028062,17841401475580469,nicki.entenmann,"Nicki Entenmann","90% of fat loss, weight loss, muscle building, toning, etc is nutrition so that’s my focus with you!  I am tailoring everything to YOU

All my clients get my 7 day meal inspo (5 ingredients or less)",58,"04/21/2025 09:44",,"IG story",,Lifetime,40391,37291,108,1,9,249,40667,105,,
18001988201602659,17841401475580469,nicki.entenmann,"Nicki Entenmann","Keeping registration open until tmw!
Code SAVE20 for $20 off",58,"04/21/2025 09:42",,"IG story",,Lifetime,43208,40700,162,4,18,197,46140,124,,
17913299237998135,17841401475580469,nicki.entenmann,"Nicki Entenmann","Comment “sneakers” here!  Gifting 2 of you last months best selling sneakers! 
(You can pick the color!) Fan favorite week!",0,"04/21/2025 09:41",,"IG story",,Lifetime,50503,47375,1020,12,6603,,52156,218,,
18018131954701505,17841401475580469,nicki.entenmann,"Nicki Entenmann","Btwwwww……..This French toast bake SLAPPED (I’ll save to my food highlight) 

Just don’t use chili powder 😏",60,"04/20/2025 16:55",https://instagram.com/stories/nicki.entenmann/3615266234301425810,"IG story",,Lifetime,20508,19303,123,61,5,,19135,94,,
17970052316851877,17841401475580469,nicki.entenmann,"Nicki Entenmann","A lot can happen in a year  A lot of good. A lot of growth. 
A lot of change. A lot of humble moments. 
A lot of sacrifice. A lot of happiness. 
Stop thinking about what can go wrong, and start thinking about what can go right. 

Yes, you are more than what your body looks like. But your body is the only place you have to live forever so you sure as shit better treat her right",0,"04/20/2025 16:20",,"IG story",,Lifetime,19145,18638,122,3,12,,18776,7,,
18099944542532685,17841401475580469,nicki.entenmann,"Nicki Entenmann","I’d rather fold 100 fitted sheets over being on this damn bike rn Guess who’s knee
 was so swollen this morning she 
could barely walk?! 😬 

So no running for me today!  6 weeks to race day",13,"04/20/2025 15:54",,"IG story",,Lifetime,20259,19636,88,0,15,,19025,4,,
17869417653356824,17841401475580469,nicki.entenmann,"Nicki Entenmann","@mackenzie_mcdonald31 
@kristindodge  Friends that are family 🫶🏻🥹",0,"04/20/2025 12:57",,"IG story",,Lifetime,21540,20889,113,0,1,,21671,10,,
17855653818421040,17841401475580469,nicki.entenmann,"Nicki Entenmann","Good morning to everyone except the person who got the kids a karaoke machine 
(It was me 😒)",28,"04/20/2025 10:10",,"IG story",,Lifetime,22238,21698,131,0,33,,24023,13,,
18080609818735199,17841401475580469,nicki.entenmann,"Nicki Entenmann","It’s the coffie (age 18 up) 
for me ☕️",0,"04/20/2025 08:22",,"IG story",,Lifetime,22449,22065,187,0,28,,21800,4,,
17983088717815527,17841401475580469,nicki.entenmann,"Nicki Entenmann","Think a French toast bake would taste good with chili powder instead of cinnamon 😭😭",14,"04/20/2025 07:35",,"IG story",,Lifetime,22407,22016,65,2,90,,19406,11,,
18058661557908911,17841401475580469,nicki.entenmann,"Nicki Entenmann","I’ve been so emotional all weekend as His presence feels stronger than ever before. 

 Because of Jesus, we don’t carry our past, we carry His promise. 

Happy Easter ✝️🙏🏼",0,"04/20/2025 05:57",,"IG story",,Lifetime,22017,21139,471,0,33,,23144,35,,
18103205638506453,17841401475580469,nicki.entenmann,"Nicki Entenmann","July 2024 April 25 Still time to join my round starting Monday!! 

Teaching ALL the things I did to have this change in 9 months",0,"04/19/2025 17:43",,"IG story",,Lifetime,22454,21337,123,0,29,196,22135,28,,
18135761071366266,17841401475580469,nicki.entenmann,"Nicki Entenmann","Easter 
Service 
✝️🙏🏼",0,"04/19/2025 14:39",,"IG story",,Lifetime,21582,20958,248,0,9,,23924,14,,
18061543781030479,17841401475580469,nicki.entenmann,"Nicki Entenmann","On our wedding day we locked a bottle of wine and wrote notes to each other on why we love one another. 

It was to be opened if we ever felt close to a divorce or on our 10 year anniversary to reminisce 

Can’t wait to have this moment with Ty in a couple weeks 🥹",0,"04/19/2025 12:13",,"IG story",,Lifetime,21051,20405,508,16,65,,20944,6,,
18062405194849184,17841401475580469,nicki.entenmann,"Nicki Entenmann","My boys have been hard at work today",0,"04/19/2025 11:44",,"IG story",,Lifetime,20898,20248,56,0,11,,20902,7,,
18058024744934725,17841401475580469,nicki.entenmann,"Nicki Entenmann","My eye gels are a lightening deal today! Over 20% off  Hyaluronic acid & pearl extract-good for puffy eyes, dark circles and eye bags",0,"04/19/2025 09:46",,"IG story",,Lifetime,20362,19803,34,0,4,395,20505,3,,
18067057009943225,17841401475580469,nicki.entenmann,"Nicki Entenmann","Use on anything I cant wash to kill bacteria-kids sports gear, red light mask, weighted vest, (can spray on face too)",36,"04/19/2025 09:44",,"IG story",,Lifetime,20551,20048,42,6,4,378,21350,3,,
18501382663005082,17841401475580469,nicki.entenmann,"Nicki Entenmann","Podcasting, red light & Decluttering 
🤜🏼🤛🏼",11,"04/19/2025 09:37",,"IG story",,Lifetime,20474,20041,64,1,1,,19192,5,,
18066783559960570,17841401475580469,nicki.entenmann,"Nicki Entenmann","Every week I put some hydrogen 
peroxide in a glass and soak the 
toothbrushes for a few minutes to sanitize
and kill bacteria",0,"04/19/2025 08:19",,"IG story",,Lifetime,20675,20306,124,8,21,,18745,15,,
18082351837657527,17841401475580469,nicki.entenmann,"Nicki Entenmann","25 degree calls for sports canceled & 
time for a deep clean 😮‍💨",20,"04/19/2025 07:59",,"IG story",,Lifetime,21209,20818,75,1,14,,21725,22,,
18077270443747434,17841401475580469,nicki.entenmann,"Nicki Entenmann","They wanted to join in on the trend 🫶🏻 @hiforrest",15,"04/18/2025 15:41",,"IG story",,Lifetime,14992,14607,271,1,25,,12778,23,,
18369168316127882,17841401475580469,nicki.entenmann,"Nicki Entenmann","Sucker for a Canadian tuxedo (this is a jumpsuit)",0,"04/18/2025 14:48",,"IG story",,Lifetime,14737,14408,74,0,12,159,14893,7,,
18046284416587143,17841401475580469,nicki.entenmann,"Nicki Entenmann",,5,"04/18/2025 14:39",,"IG story",,Lifetime,11104,10947,66,0,3,,11633,2,,
18063309227493792,17841401475580469,nicki.entenmann,"Nicki Entenmann","Motherly love is giving your kids the cookie beater to lick instead of keeping it yourself",0,"04/18/2025 13:30",,"IG story",,Lifetime,11507,11185,49,1,11,,11862,5,,
17848379346449114,17841401475580469,nicki.entenmann,"Nicki Entenmann","SO many studies coming out about the power of creatine (especially for women!) brain health, cognitive functions, muscle recovery and growth. I can’t say enough good things about it!  I get it here!
A lot of overpriced ones out there 
Code: 20ORGAIN for 20% off makes it $16 I take it everyday!",0,"04/18/2025 12:58",,"IG story",,Lifetime,11853,11352,34,9,10,638,12151,3,,
18025326770669767,17841401475580469,nicki.entenmann,"Nicki Entenmann","“Spring” 😒😒",7,"04/18/2025 12:43",,"IG story",,Lifetime,11754,11497,63,1,35,,11193,10,,
17950634918952221,17841401475580469,nicki.entenmann,"Nicki Entenmann","@brushed_by_audrey 
@manealchemy.asalonspace",0,"04/18/2025 09:15",,"IG story",,Lifetime,12495,12005,47,0,1,,12654,8,,103
18115131607419818,17841401475580469,nicki.entenmann,"Nicki Entenmann",,0,"04/18/2025 08:11",,"IG story",,Lifetime,12013,11464,162,0,6,,12362,22,,
18338244280084694,17841401475580469,nicki.entenmann,"Nicki Entenmann","Ty: what are you doing?
Me: working?

The work.",35,"04/17/2025 15:14",,"IG story",,Lifetime,11823,11455,40,4,15,,12542,38,,
18048697433369738,17841401475580469,nicki.entenmann,"Nicki Entenmann",,12,"04/17/2025 15:07",,"IG story",,Lifetime,11902,11505,31,1,2,107,12008,13,,
17879152857293580,17841401475580469,nicki.entenmann,"Nicki Entenmann","On sale for $15!!!",0,"04/17/2025 15:06",,"IG story",,Lifetime,11840,11405,40,1,1,289,12746,3,,
18324768280161933,17841401475580469,nicki.entenmann,"Nicki Entenmann","The dental girlies say it’s a hell yes!!!! Code: NICKI #cocolabpartner",0,"04/17/2025 14:04",,"IG story",,Lifetime,12138,11811,25,2,5,147,13096,6,,
18058638644129747,17841401475580469,nicki.entenmann,"Nicki Entenmann","Code: NICKI for 20% off and free shipping on $25+  Over 1,000 five-star reviews
🏆 Voted dentists’ favorite floss
🐰 Vegan and cruelty-free
🌴 Infused with coconut oil
🍓 Wrapped in our happiness gift box
♻️ Made from recycled water bottles
Taste good- our house actually looks forward to flossing now HOT GIRLS FLOSS",55,"04/17/2025 14:02",,"IG story",,Lifetime,12471,11999,30,1,8,160,14453,13,,
17874855870220913,17841401475580469,nicki.entenmann,"Nicki Entenmann","Wanted to share for the real side of IG-that I’ve been thru hard times. But I decided overcoming the struggle is more important than identifying with it. 

I stopped playing the victim and started being the change I wanted to see. 

You. Can. Do. Hard. Shit.",0,"04/17/2025 13:53",,"IG story",,Lifetime,12091,11531,400,2,68,,12762,9,,
18078747550689420,17841401475580469,nicki.entenmann,"Nicki Entenmann","Under $15
I’m in M 
(Size down 1 if in between sizes)  100/10 recommend",9,"04/17/2025 13:14",,"IG story",,Lifetime,12517,11661,53,0,17,1128,11523,13,,
18045148703596418,17841401475580469,nicki.entenmann,"Nicki Entenmann","Great for building new muscle! 
All 9 essential amino acids in 1 scoop  20% off here!",0,"04/17/2025 12:02",,"IG story",,Lifetime,12281,11697,19,3,6,237,12303,7,,
18041682146407155,17841401475580469,nicki.entenmann,"Nicki Entenmann","Use my link to get 20% off here  As you age we lose muscle mass and it’s harder to maintain so help yourself out!  Work smarter, not harder!! 
Berry is my favorite! 
I take every day!! (Even rest days) #kionpartner",49,"04/17/2025 11:58",,"IG story",,Lifetime,12389,11862,15,1,9,248,12193,8,,
18050746391357910,17841401475580469,nicki.entenmann,"Nicki Entenmann","Creatine and Kions work harmoniously together- 

creatine can promote muscle building and recovery, but EAA's are necessary to actually create that new muscle. 

So taking them together has brought my muscle toneness to a new level",29,"04/17/2025 11:58",,"IG story",,Lifetime,12469,12029,23,5,11,,11946,5,,
18065579269979157,17841401475580469,nicki.entenmann,"Nicki Entenmann","I can build muscle but I really wanted to get toned/cut this year and finally having that happen!

You can ONLY build new muscles mass from amino acids",52,"04/17/2025 11:58",,"IG story",,Lifetime,12700,12091,26,8,10,281,12369,5,,
18005572946583775,17841401475580469,nicki.entenmann,"Nicki Entenmann",,41,"04/17/2025 11:58",,"IG story",,Lifetime,12800,12244,25,1,9,,12182,3,,
17943928310985903,17841401475580469,nicki.entenmann,"Nicki Entenmann","Straight to 1k run and 100M walking lunges  6 weeks to race 🤜🏼🤛🏼",50,"04/17/2025 11:20",,"IG story",,Lifetime,13810,13189,66,1,9,,13988,7,,
18044859101385988,17841401475580469,nicki.entenmann,"Nicki Entenmann","@paragonathleticcenter 
@calebfitco  Best day of the week🥵🍑",18,"04/17/2025 11:08",,"IG story",,Lifetime,14913,13956,80,6,6,,12549,18,,44
18123619411430406,17841401475580469,nicki.entenmann,"Nicki Entenmann","Swimsuit back in stock too!
M curve love too and M bottoms",0,"04/16/2025 16:59",,"IG story",,Lifetime,13342,12459,47,1,4,282,13774,28,,
18223001725289092,17841401475580469,nicki.entenmann,"Nicki Entenmann","Our favorite shorts are in stock!!!!
25% off + 15% with code MYAF15",0,"04/16/2025 16:57",,"IG story",,Lifetime,13550,12747,41,0,1,614,14344,4,,
18503882020048728,17841401475580469,nicki.entenmann,"Nicki Entenmann","Just 2 kids who will forever embarrass their own kids when they tell us to “say cheese”",0,"04/16/2025 15:58",,"IG story",,Lifetime,13749,12982,100,0,8,,12795,23,,
18220482910294961,17841401475580469,nicki.entenmann,"Nicki Entenmann","1 mile run 🆘",18,"04/16/2025 13:54",https://instagram.com/stories/nicki.entenmann/3612276568774807698,"IG story",,Lifetime,12985,12316,52,0,6,,11231,8,,
18007214327721836,17841401475580469,nicki.entenmann,"Nicki Entenmann","Good ol arm & back day 💪🏼 @calebfitco 
@paragonathleticcenter",51,"04/16/2025 13:53",https://instagram.com/stories/nicki.entenmann/3612275323712430310,"IG story",,Lifetime,13446,12652,51,2,3,,12281,2,,
18092395372569227,17841401475580469,nicki.entenmann,"Nicki Entenmann",,0,"04/16/2025 11:55",,"IG story",,Lifetime,12524,12007,36,0,6,,13230,12,,
18076940329836502,17841401475580469,nicki.entenmann,"Nicki Entenmann","Bees knees 🐝",0,"04/16/2025 11:09",,"IG story",,Lifetime,12591,12041,26,1,7,129,13531,7,,
18097129846536773,17841401475580469,nicki.entenmann,"Nicki Entenmann",This.,36,"04/16/2025 10:57",,"IG story",,Lifetime,12762,12178,396,44,52,,13885,8,,
18069714310900706,17841401475580469,nicki.entenmann,"Nicki Entenmann","My girlsssssss

You can either put in the work
 (and make sacrifices) for a year or you can continue to start and stop 
every other month 
for the next 3 decades and blame it on xyz

What I always tell my clients: 
Calorie deficit is king. 
Protein is queen. 
 Excuses are like assholes. We all have them and they all stink. 
Patience is your super power. 
Follow the plan, not the mood",0,"04/16/2025 10:46",,"IG story",,Lifetime,12942,12328,169,4,42,,12746,14,,
18051223070352730,17841401475580469,nicki.entenmann,"Nicki Entenmann","You don’t believe in yourself because you don’t stay consistent long enough to see results",59,"04/16/2025 10:37",,"IG story",,Lifetime,13103,12424,89,1,30,,12232,33,,
17866235457280590,17841401475580469,nicki.entenmann,"Nicki Entenmann",,60,"04/16/2025 10:33",,"IG story",,Lifetime,13384,12648,121,0,40,,12324,76,,
18062378867312568,17841401475580469,nicki.entenmann,"Nicki Entenmann","Listen. This last year was GRUELLINGGGG so you best believe I’m gonna talk about it",34,"04/16/2025 10:22",,"IG story",,Lifetime,13467,12751,298,1,87,,11290,12,,
18103736116509881,17841401475580469,nicki.entenmann,"Nicki Entenmann","Everything always linked here first!",0,"04/16/2025 10:08",,"IG story",,Lifetime,13405,12777,10,0,0,271,14685,3,,
18047960078522726,17841401475580469,nicki.entenmann,"Nicki Entenmann",,0,"04/16/2025 10:05",,"IG story",,Lifetime,13292,12770,26,2,9,,16329,5,,
18050558627519257,17841401475580469,nicki.entenmann,"Nicki Entenmann",,0,"04/16/2025 10:05",,"IG story",,Lifetime,13579,13048,36,1,11,,16016,8,,
18078230215688438,17841401475580469,nicki.entenmann,"Nicki Entenmann","Buy one, get one with code 
BOGO",46,"04/16/2025 08:29",,"IG story",,Lifetime,13631,12661,36,1,10,487,13622,8,,
18024029297482490,17841401475580469,nicki.entenmann,"Nicki Entenmann","You NEED a clean, strong SPF
with zinc oxide (blocks rays that age and burn you)",59,"04/16/2025 08:25",,"IG story",,Lifetime,13773,12949,33,1,7,,13228,6,,
17929677090030173,17841401475580469,nicki.entenmann,"Nicki Entenmann","Working mom guilt is for real 😭😒",59,"04/16/2025 08:17",,"IG story",,Lifetime,14434,13540,61,4,12,,10999,26,,
18066732077056685,17841401475580469,nicki.entenmann,"Nicki Entenmann","Snack favorite-

Chipotle kids bowl -love how everything is separated so it doesn’t get soggy",0,"04/15/2025 11:10",https://instagram.com/stories/nicki.entenmann/3611468823397638887,"IG story",,Lifetime,10365,9494,62,5,10,,10199,15,,
18305035543237609,17841401475580469,nicki.entenmann,"Nicki Entenmann","$32 vs $68 Comes in tons of colors too!",0,"04/15/2025 10:51",,"IG story",,Lifetime,9757,9268,21,0,0,244,10180,2,,
18057952042914974,17841401475580469,nicki.entenmann,"Nicki Entenmann","Just like the lululemon 
‘Like a cloud bra’ 
5% blend difference and
1/2 the price  I’m in m",54,"04/15/2025 10:49",,"IG story",,Lifetime,9846,9148,30,3,4,392,10225,1,,
18099788206468556,17841401475580469,nicki.entenmann,"Nicki Entenmann","Do I think the faster way is the only way to do it? No. 

Do I think it’s the easiest to understand, most efficient and get results the quickest? Yes. 

I only continue to coach because this program saved me in my darkest days. That transformation lead me to where I am now and want every single woman to have the freedom I do",0,"04/15/2025 10:42",,"IG story",,Lifetime,9862,9368,24,0,7,74,10722,,,
18043259507160642,17841401475580469,nicki.entenmann,"Nicki Entenmann","Dec 2023
150 ish If you’re sick of starting over, stop stopping  Today 
143 ish",59,"04/15/2025 10:39",,"IG story",,Lifetime,9909,9439,122,3,18,,10687,1,,
17850882756395099,17841401475580469,nicki.entenmann,"Nicki Entenmann","2023 (the month before I started to use these)
 Today 💅 No code needed! @lumineuxhealth #lumineuxpartner",0,"04/15/2025 10:19",,"IG story",,Lifetime,9832,9472,17,3,7,58,9971,7,,
17910020439015225,17841401475580469,nicki.entenmann,"Nicki Entenmann","@lumineuxhealth  #lumineuxpartner  Peroxide Free
Enamel safe
Sensitivity free 
Uses-coconut oil, lemon peel and sea salt to pull stains off
WHITEST my teeth have ever been",59,"04/15/2025 10:18",,"IG story",,Lifetime,9910,9529,19,3,4,103,9871,4,,2
18065483036300738,17841401475580469,nicki.entenmann,"Nicki Entenmann","DRY your teeth so they don’t slide around!!

Your teeth are what people see first when they look your face and we’re gonna be blinding white this spring!  @lumineuxhealth",57,"04/15/2025 10:16",,"IG story",,Lifetime,10015,9630,19,2,3,,9841,1,,
17909882454104541,17841401475580469,nicki.entenmann,"Nicki Entenmann",@lumineuxhealth,59,"04/15/2025 10:14",,"IG story",,Lifetime,10254,9830,19,0,2,72,10251,2,,
18035512355309543,17841401475580469,nicki.entenmann,"Nicki Entenmann","Ty does have bronchitis so I slept in the guest bedroom
and I’m tireddddd 😒",58,"04/15/2025 10:09",,"IG story",,Lifetime,10842,10208,46,0,9,,9875,13,,
18110550769485479,17841401475580469,nicki.entenmann,"Nicki Entenmann","I’m down 10 lbs since Jan
(I honestly don’t want to lose any more lbs -I’ll stay in a deficit until our anniversary trip but then I’d like to put on about 5 lbs of muscle but remain more lean)  This is the Shapescale I do at @longevitylabwellness",0,"04/14/2025 17:10",https://instagram.com/stories/nicki.entenmann/3610925162637238012,"IG story",,Lifetime,11589,10547,52,0,19,,11713,28,,149
18155075011364206,17841401475580469,nicki.entenmann,"Nicki Entenmann","We start a week from today!! 12 weeks until 4th of July 
.5 lbs per week- 6 lbs lost 
1 lb per week- 12 lbs lost It’s not all about weight loss but if this-muscle building/toning is your goal-I’m your girl!",0,"04/14/2025 17:06",,"IG story",,Lifetime,10486,9965,41,0,10,146,11365,5,,
18092666221576801,17841401475580469,nicki.entenmann,"Nicki Entenmann",,0,"04/14/2025 16:53",,"IG story",,Lifetime,12015,11327,55,12,28,,13726,3,,
18151125013365996,17841401475580469,nicki.entenmann,"Nicki Entenmann","Wanted to be trendy, ended up looking like Starsky",0,"04/14/2025 16:40",,"IG story",,Lifetime,12091,11420,69,1,34,,13350,2,,
18062857994002565,17841401475580469,nicki.entenmann,"Nicki Entenmann","Can everyone please pray for Ty? 
He has a man cold and I may need to get him a life alert to survive the week 😒",9,"04/14/2025 16:35",,"IG story",,Lifetime,12141,11472,184,7,147,,12130,3,1,
18307168219231936,17841401475580469,nicki.entenmann,"Nicki Entenmann",,0,"04/14/2025 16:17",,"IG story",,Lifetime,12264,11520,49,0,7,255,13957,9,,
18033113681649230,17841401475580469,nicki.entenmann,"Nicki Entenmann","Aminos, creatine & anniversary restaurant hunting 👀",0,"04/14/2025 14:33",,"IG story",,Lifetime,11795,11060,43,0,5,,13473,9,,
17941541003992736,17841401475580469,nicki.entenmann,"Nicki Entenmann","Something > Nothing 
Habits > Quick Fixes
Hard Work > Excuses
Fat Ass > Anything Else",10,"04/14/2025 14:08",,"IG story",,Lifetime,11749,11043,86,1,3,,12169,6,,
17960530514776506,17841401475580469,nicki.entenmann,"Nicki Entenmann","@r.wilc0x  Is the tineco winner!!! 
Dm to claim I LOVE doing these for you babes so I’m gonna continue to do them if you want! I’ll start another one tmw. 

Purely as a thank you for being here and engaging with my content. Seems silly but means EVERYTHING as a creator",0,"04/14/2025 13:29",,"IG story",,Lifetime,10917,10391,131,0,8,,11705,9,1,79
18071492275893203,17841401475580469,nicki.entenmann,"Nicki Entenmann","I’m not saying you have to be a certain weight or size- I’m saying getting healthy isn’t a hobby and when you take care of yourself it trickles into every other capacity of your life",54,"04/14/2025 13:26",https://instagram.com/stories/nicki.entenmann/3610812431234470525,"IG story",,Lifetime,13224,11920,101,3,16,,11929,6,,
18059817106888525,17841401475580469,nicki.entenmann,"Nicki Entenmann","One thing I realized the last year is I was a bitter B when I wasn’t taking care of my heath",57,"04/14/2025 13:24",https://instagram.com/stories/nicki.entenmann/3610811251418598298,"IG story",,Lifetime,13268,12161,72,3,5,,11752,9,,
18137085718400222,17841401475580469,nicki.entenmann,"Nicki Entenmann","A simple classic
I’m in m regular",53,"04/14/2025 11:09",,"IG story",,Lifetime,11147,10397,63,0,12,180,12059,7,,
18063455456484249,17841401475580469,nicki.entenmann,"Nicki Entenmann","M petite",49,"04/14/2025 11:09",,"IG story",,Lifetime,11001,10356,48,0,2,77,11828,1,,
18073962934677203,17841401475580469,nicki.entenmann,"Nicki Entenmann","In m regular",51,"04/14/2025 11:09",,"IG story",,Lifetime,11035,10434,65,1,10,158,11969,3,,
17913081501099173,17841401475580469,nicki.entenmann,"Nicki Entenmann","I’m in M petite Great vaca dress",43,"04/14/2025 11:09",,"IG story",,Lifetime,11130,10503,48,1,4,142,12374,2,,
18050529638611327,17841401475580469,nicki.entenmann,"Nicki Entenmann","I’m in M regular  30% off + 15% off with code 
DRESSESAF 5’4”
145 lbs ish 
Size 6
34D",60,"04/14/2025 11:09",,"IG story",,Lifetime,11184,10596,69,3,9,157,11973,4,,
18026972039654658,17841401475580469,nicki.entenmann,"Nicki Entenmann","Free Shimmering Dry Oil with Vitamin C + 5 Organic Botanical Oils with their purchase of $40+ @typologyparis #typologyparis #typologypartner",44,"04/14/2025 09:55",,"IG story",,Lifetime,11805,11011,28,0,5,117,11949,6,,2
18273823228253938,17841401475580469,nicki.entenmann,"Nicki Entenmann","@typologyparis #typologyparis #typologypartner  Mixed tinted serum (shade 2)
And glow drops-both have Vitamin c and aloe Vera

It’s not a foundation-it’s light coverage skincare",54,"04/14/2025 09:54",,"IG story",,Lifetime,11898,11210,28,3,5,147,11709,7,1,
18070641805921912,17841401475580469,nicki.entenmann,"Nicki Entenmann",,46,"04/14/2025 09:51",,"IG story",,Lifetime,12166,11489,25,0,1,,11512,13,,
18501067711013621,17841401475580469,nicki.entenmann,"Nicki Entenmann","Recording day 🎬🎥",60,"04/14/2025 09:49",,"IG story",,Lifetime,12935,12262,55,0,7,,12587,29,1,
17855872308410202,17841401475580469,nicki.entenmann,"Nicki Entenmann","King of Kings 
was a very well
done for kids to
understand the story 
of Jesus. 
 
Great way to bring in
such a special week ✝️",0,"04/13/2025 17:58",,"IG story",,Lifetime,12487,12154,146,4,15,,12983,33,,
18072095017855797,17841401475580469,nicki.entenmann,"Nicki Entenmann","🤍 Tourney break ⛳️",5,"04/13/2025 12:17",,"IG story",,Lifetime,13777,13458,72,0,6,,14142,26,,
17906687307105153,17841401475580469,nicki.entenmann,"Nicki Entenmann",,0,"04/13/2025 11:32",,"IG story",,Lifetime,14238,14033,16,3,0,100,15046,4,,
18351622129196111,17841401475580469,nicki.entenmann,"Nicki Entenmann","These bags are giving designer and so many are $20!",0,"04/13/2025 11:32",,"IG story",,Lifetime,14429,14177,16,0,1,103,15271,5,,
18063685328064185,17841401475580469,nicki.entenmann,"Nicki Entenmann",,0,"04/13/2025 11:32",,"IG story",,Lifetime,14591,14373,24,0,0,79,16120,7,,
17847345462427124,17841401475580469,nicki.entenmann,"Nicki Entenmann","We start tomorrow! $20
(Don’t need anything ready-just an insight into the program I do for fat loss!) 

App access, workouts, meal plan",0,"04/13/2025 11:28",,"IG story",,Lifetime,14582,14181,31,1,5,110,16842,10,,
18305860258233595,17841401475580469,nicki.entenmann,"Nicki Entenmann","mcilroy obvious such a competitor but I think hes a massive baby 
(I said what I said) 

I LOVE Bryson. 
(One of my favorite golfers/TikTok accounts ever)",5,"04/13/2025 11:23",,"IG story",,Lifetime,15749,15516,27,2,27,,15691,22,,
18036930314293834,17841401475580469,nicki.entenmann,"Nicki Entenmann","Happy Palm Sunday 🤲🏻 Reset & meat prep 🥩🧺
Workout 💪🏼
Master’s Sunday 💚
King of Kings Movie 🎥
Dinner & Bible Study 🙏🏼 One of the best (and hardest) things I’ve learning to do is actually taking the weekend to rest and be present where my feet are vs always feeling the need to be “on”",0,"04/13/2025 11:03",,"IG story",,Lifetime,20904,20455,149,0,16,,19869,50,,
17899580391169625,17841401475580469,nicki.entenmann,"Nicki Entenmann","“Mom do you think I’ll be in The Masters someday” 🥹",8,"04/11/2025 17:52",,"IG story",,Lifetime,19968,19408,133,0,16,,19293,58,,
18143238349378374,17841401475580469,nicki.entenmann,"Nicki Entenmann",🤜🏼🤛🏼,0,"04/11/2025 11:28",,"IG story",,Lifetime,11251,11018,62,0,6,,11708,18,,
17921058009072924,17841401475580469,nicki.entenmann,"Nicki Entenmann",🫥😬,0,"04/11/2025 10:26",,"IG story",,Lifetime,10567,10418,94,0,10,,10837,8,,
17929394129916014,17841401475580469,nicki.entenmann,"Nicki Entenmann","No code needed  #rayconpartner #ad",0,"04/11/2025 08:31",,"IG story",,Lifetime,9624,9285,61,1,2,69,9779,9,,
18370597279193868,17841401475580469,nicki.entenmann,"Nicki Entenmann","Great for teens/kids!
Jack uses the over the ear when he plays bball  @rayconglobal #ad #rayconpartner",59,"04/11/2025 08:30",,"IG story",,Lifetime,9730,9336,62,0,1,74,9851,6,,1
17933705603898934,17841401475580469,nicki.entenmann,"Nicki Entenmann","#ad #rayconpartner  Anyone remember when I put Ty’s thru thr washer and they still worked like new? 😂 theyre waterproof

they do not budge at all

they offer both Active Noise Cancellation (ANC) and Awareness Mode technology. Awareness Mode- which i use when running allows for true amplification of your surroundings when you need to stay alert 

 have over 50 hour battery life 

Affordable  @rayconglobal",50,"04/11/2025 08:28",,"IG story",,Lifetime,9884,9477,63,1,3,118,9974,6,,
18027617984418779,17841401475580469,nicki.entenmann,"Nicki Entenmann","#ad #rayconpartner  Weekly Hyrox training:
Strength train 3x a week
Running 2x (one distance/one for time)
2 rest days 

Grateful for those of you who were concerned about my safety on my runs so I switched my over the 
ear to the @rayconglobal fitness earbuds 😂",42,"04/11/2025 08:26",,"IG story",,Lifetime,10089,9599,83,0,4,,9938,11,,62
17906027985128760,17841401475580469,nicki.entenmann,"Nicki Entenmann","Glow drops, tinted serum and lip I used!  free Shimmering Dry Oil with Vitamin C + 5 Organic Botanical Oils with their purchase of $40 or more",0,"04/11/2025 08:21",,"IG story",,Lifetime,10249,9807,78,0,7,142,10695,20,,
17885656674145860,17841401475580469,nicki.entenmann,"Nicki Entenmann","A lot of what I’m using is on sale!",37,"04/11/2025 08:20",,"IG story",,Lifetime,10758,9936,118,0,7,427,10946,152,,
18060811036878811,17841401475580469,nicki.entenmann,"Nicki Entenmann","Picking someone TOMORROW to get this tineco map/vacuum Like my reels from this week and swipe here  I can’t even tell you my obsession with this thing",0,"04/11/2025 07:29",,"IG story",,Lifetime,11327,10462,138,1,38,,11512,921,,
18082780009711494,17841401475580469,nicki.entenmann,"Nicki Entenmann",,0,"04/10/2025 16:45",,"IG story",,Lifetime,10319,9489,55,0,3,,10787,37,,
18096933289540054,17841401475580469,nicki.entenmann,"Nicki Entenmann","These are my favorite joggers this spring. 
Booty is 💅, fit so well",0,"04/10/2025 14:07",,"IG story",,Lifetime,10171,9548,63,0,2,341,10400,8,,
18047029412582671,17841401475580469,nicki.entenmann,"Nicki Entenmann","Paisley has had a pen pal in a nursing home all year and she got to meet her today 
😭😭😭😭",45,"04/10/2025 13:44",,"IG story",,Lifetime,10171,9619,224,6,48,,8873,15,,
18036317021288947,17841401475580469,nicki.entenmann,"Nicki Entenmann","@rocketmoney #ad  Use my link to get the free trial of rocket money premium!",51,"04/10/2025 12:49",,"IG story",,Lifetime,9963,9547,46,0,1,10,11047,4,,
18075740680809058,17841401475580469,nicki.entenmann,"Nicki Entenmann","Me in any undies but these
6 pack for $25",0,"04/10/2025 11:51",,"IG story",,Lifetime,10142,9705,68,16,53,561,11103,8,,
18052444463008563,17841401475580469,nicki.entenmann,"Nicki Entenmann","Code: NICKI It actually is so elite 💅",5,"04/10/2025 11:45",,"IG story",,Lifetime,10085,9728,52,0,4,195,9501,2,,
18064851232971189,17841401475580469,nicki.entenmann,"Nicki Entenmann","Our favorite athletic dresses are 30% off + additional 15% with code DRESSESAF  Fully stocked in all sizes right now!!",0,"04/10/2025 11:42",,"IG story",,Lifetime,10145,9846,47,0,3,68,10488,3,,
18101684257513323,17841401475580469,nicki.entenmann,"Nicki Entenmann","NICKI for 20% off + free shipping over $25+ My kids LOVE this too! Before you buy one more damn eye cream, start talking care of your gums!!!",24,"04/10/2025 11:16",,"IG story",,Lifetime,10194,9851,48,1,2,101,10248,5,,
18060722852103304,17841401475580469,nicki.entenmann,"Nicki Entenmann","#cocolabpartner  Cocolab is what I use ever sent I found out most popular brands use teflon 😒

 Over 1,000 five-star reviews
🏆 Voted dentists’ favorite floss
🐰 Vegan and cruelty-free
🌴 Infused with coconut oil
🍓 Wrapped in our happiness gift box
♻️ Made from recycled water bottles
Taste delicious!!! Code: NICKI gets you 20% off + free shipping over $25",39,"04/10/2025 11:16",,"IG story",,Lifetime,10344,9959,45,2,6,190,10262,3,,
18036630053551659,17841401475580469,nicki.entenmann,"Nicki Entenmann","My dentist told me that
Gum disease inflammation is associated 
with: heart attacks & strokes, 
Alzheimer’s disease, & diabetes",40,"04/10/2025 11:16",,"IG story",,Lifetime,10422,10133,64,8,7,,10406,9,,
18117826624458515,17841401475580469,nicki.entenmann,"Nicki Entenmann",,36,"04/10/2025 11:16",,"IG story",,Lifetime,10766,10384,49,0,5,,10670,27,,
17878234599296862,17841401475580469,nicki.entenmann,"Nicki Entenmann","@eunoiamedspa  I’ll notice more tmw too but I already notice plumpness under my eyes 
Zero down time 
Ezgel",59,"04/10/2025 11:05",,"IG story",,Lifetime,10851,10284,62,7,7,,10095,20,,32
17935798973909739,17841401475580469,nicki.entenmann,"Nicki Entenmann","Natural alternative to filler so as always I’ll give you my honest opinion",59,"04/10/2025 08:11",,"IG story",,Lifetime,8140,7745,50,5,14,,7506,10,,
18065218225944070,17841401475580469,nicki.entenmann,"Nicki Entenmann",,15,"04/09/2025 18:05",,"IG story",,Lifetime,10552,10029,42,0,0,434,12534,19,,
17912352077996616,17841401475580469,nicki.entenmann,"Nicki Entenmann",,0,"04/09/2025 18:03",,"IG story",,Lifetime,10023,9769,64,0,23,,9334,3,,
18061764788079451,17841401475580469,nicki.entenmann,"Nicki Entenmann",,59,"04/01/2025 11:21",,"IG story",,Lifetime,11731,11084,54,0,2,,9582,43,1,
17924023284053143,17841401475580469,nicki.entenmann,"Nicki Entenmann","Really good quality and price! 
Great Mothers Day present. Can order tonight and it’ll be shipped to you on time for Mother’s Day  Bracelets, rings, necklaces! They’re so cute",40,"04/09/2025 15:56",,"IG story",,Lifetime,10355,9715,58,5,5,253,10822,9,,
18024362411465499,17841401475580469,nicki.entenmann,"Nicki Entenmann","Let me show you!! ➡️➡️➡️",32,"04/09/2025 15:54",,"IG story",,Lifetime,9298,8977,47,0,2,,9616,3,,
18038427266627172,17841401475580469,nicki.entenmann,"Nicki Entenmann","One of my biggest tips:

Eat more real food! It’ll keep you full, satisfied and also give you micronutrients 
 This is 300 calories, 30g protein and FILLING. 

You’re not a toddler-stop snacking like one. 

Handful of chips here, bites of mac and cheese there, processed protein bar, etc. the add up.",0,"04/09/2025 15:25",https://instagram.com/stories/nicki.entenmann/3607248350581186662,"IG story",,Lifetime,11560,10652,104,0,12,,11302,9,,
18032623163333745,17841401475580469,nicki.entenmann,"Nicki Entenmann","ILL PICK A WINNER SUNDAY  Swipe here",0,"04/09/2025 15:10",,"IG story",,Lifetime,10793,10244,133,5,34,,11526,30,,
18087288325529167,17841401475580469,nicki.entenmann,"Nicki Entenmann","$20-will start next Monday 
(Can not transfer to another week!)

This $20 will also apply 
to my next FW round 🫶🏻

 If you’ve been curious about the program , this is a good time to get an insight on it without a full commitment",24,"04/09/2025 15:09",,"IG story",,Lifetime,10969,10293,52,0,7,119,11600,4,,
18062637068051071,17841401475580469,nicki.entenmann,"Nicki Entenmann","$14 shorts 😮‍💨😮‍💨😮‍💨 Still on sale and tons of colors!!!",0,"04/09/2025 15:05",,"IG story",,Lifetime,11277,10598,43,2,5,502,12010,3,,
18086167954557827,17841401475580469,nicki.entenmann,"Nicki Entenmann","$33 for set $39 $27 $22",0,"04/09/2025 15:03",,"IG story",,Lifetime,11247,10665,53,1,1,212,11561,2,,
18030124199350278,17841401475580469,nicki.entenmann,"Nicki Entenmann","@calebfitco 
@paragonathleticcenter  1000M walking lunge ✅",47,"04/09/2025 13:51",,"IG story",,Lifetime,12095,11368,72,0,14,,11788,1,1,86
17976800105699588,17841401475580469,nicki.entenmann,"Nicki Entenmann","@paragonathleticcenter 
@calebfitco  Full body slay 🤜🏼🤛🏼",49,"04/09/2025 13:51",,"IG story",,Lifetime,12281,11518,98,4,18,,11405,4,,
18498742720024888,17841401475580469,nicki.entenmann,"Nicki Entenmann","What it feels like to workout on NyQuil",12,"04/09/2025 12:03",,"IG story",,Lifetime,12143,11598,102,2,73,,12415,9,,
17960964098910226,17841401475580469,nicki.entenmann,"Nicki Entenmann","‼️‼️Ok Candace is travel to Vegas to speak at a conference, so she’s going to come talk to us on Monday about NAD-
what it is, benefits, etc! ‼️‼️

I’ll also have her touch on the Emsculpt too cuz it’s honestly so incredible!",13,"04/09/2025 11:53",,"IG story",,Lifetime,11827,11468,52,1,6,,10997,3,,
18057850769122659,17841401475580469,nicki.entenmann,"Nicki Entenmann","One of my favorite weeks of the year 🥹",15,"04/09/2025 10:57",,"IG story",,Lifetime,12341,11823,129,1,12,,11894,10,,
18042152555574903,17841401475580469,nicki.entenmann,"Nicki Entenmann",,0,"04/09/2025 10:56",,"IG story",,Lifetime,12164,11864,29,0,0,21,12823,3,,
18087038125527194,17841401475580469,nicki.entenmann,"Nicki Entenmann",,0,"04/09/2025 10:55",,"IG story",,Lifetime,12618,12018,65,0,4,298,13346,3,,
18116481646456167,17841401475580469,nicki.entenmann,"Nicki Entenmann","Update: your girl is v sleepy",6,"04/09/2025 10:55",,"IG story",,Lifetime,4947,4785,21,0,2,,3859,1,,
18188299879312963,17841401475580469,nicki.entenmann,"Nicki Entenmann","As alwaysssss do your own research but I’ll see if Candace at @longevitylabwellness will talk more about NAD for us today!",59,"04/09/2025 09:24",,"IG story",,Lifetime,13111,12501,49,3,8,,12906,13,,65
17878781385280079,17841401475580469,nicki.entenmann,"Nicki Entenmann","Sephora sale is great to restock but don’t feel pressure to buy if you have makeup already!!!",59,"04/09/2025 09:19",,"IG story",,Lifetime,13611,13132,68,1,12,,13608,9,,
18041260256528699,17841401475580469,nicki.entenmann,"Nicki Entenmann","Just took NyQuil pills instead of DayQuil 
#idontwannatalkaboutit",0,"04/09/2025 08:47",,"IG story",,Lifetime,14395,13923,99,3,87,,14331,20,,
17964915551897308,17841401475580469,nicki.entenmann,"Nicki Entenmann",,5,"04/08/2025 15:56",,"IG story",,Lifetime,14386,13974,53,0,49,,13891,23,,
18060943819869174,17841401475580469,nicki.entenmann,"Nicki Entenmann",,0,"04/08/2025 15:56",,"IG story",,Lifetime,14473,14182,58,1,46,,14641,4,,
18081093700678367,17841401475580469,nicki.entenmann,"Nicki Entenmann","Running my next 
round April 21st-ends beginning of June! 

I’ll go over nutrition (90% of fat loss, weight loss, muscle building, maintaining), macros, daily workouts (home, gym and low impact) carb cycling, supplements, etc. 

Everything I currently do is built from the faster way foundation! 

Follow the plan, not the mood",0,"04/08/2025 15:41",,"IG story",,Lifetime,15859,15287,43,2,7,96,18181,10,,
18271458031260091,17841401475580469,nicki.entenmann,"Nicki Entenmann","A lot of DMs about inflammation: 

I’ve been focusing a lot fruits, fiber and veggies 
Losing weight has def helped the most
avoiding dairy and gluten if I can- makes me puffy
NAD shot
Tons of water and electrolytes 
Cutting back on booze",0,"04/08/2025 15:31",,"IG story",,Lifetime,16092,15456,111,7,45,,16748,12,,
17957839091785563,17841401475580469,nicki.entenmann,"Nicki Entenmann","Under $18 and I get in size 9 
(Same as my Oura)",0,"04/08/2025 15:20",,"IG story",,Lifetime,16413,15612,46,4,2,495,16340,7,,
18276209515267428,17841401475580469,nicki.entenmann,"Nicki Entenmann",@shopletsrally,0,"04/08/2025 13:34",,"IG story",,Lifetime,16601,15928,53,1,6,,19015,14,,160
18046126679374265,17841401475580469,nicki.entenmann,"Nicki Entenmann","April 25 Sept 24 155 ish  145 ish  The difference in my stomach and face is insane to me. So much less inflamed and feel 1000x better now",0,"04/08/2025 12:38",,"IG story",,Lifetime,16986,16262,258,3,77,,16825,29,,
18280036024265879,17841401475580469,nicki.entenmann,"Nicki Entenmann","My oura knew I was getting sick before I did 🙄 Send me your favorites for cold relief!",58,"04/08/2025 12:32",,"IG story",,Lifetime,17766,16750,64,4,67,,17476,30,,
17885748459252658,17841401475580469,nicki.entenmann,"Nicki Entenmann","We apparently gotta spice it up for Madison. 

She isn’t liking what other people spend on their own lives with their own money 😒",8,"04/07/2025 18:49",,"IG story",,Lifetime,12867,11881,69,0,68,,11587,50,,
17954793590945977,17841401475580469,nicki.entenmann,"Nicki Entenmann","These are the only correct answer for workout undies 
100000/10",0,"04/07/2025 15:34",,"IG story",,Lifetime,13955,13116,64,3,12,1439,14878,27,,
18038654351547346,17841401475580469,nicki.entenmann,"Nicki Entenmann",,0,"04/07/2025 15:29",,"IG story",,Lifetime,13724,13154,136,4,5,,15098,4,,
18050609969200318,17841401475580469,nicki.entenmann,"Nicki Entenmann","On sale $15! I’m in m",0,"04/07/2025 15:11",,"IG story",,Lifetime,14266,13294,73,0,8,1221,15366,10,,
18054165700968407,17841401475580469,nicki.entenmann,"Nicki Entenmann","Def not wearing our favorite workout undies 😒

2 500M sprints Guys I’m working so hard on all the row tips from this community",17,"04/07/2025 14:58",,"IG story",,Lifetime,14020,13515,91,1,22,,13845,6,,
18046048301104156,17841401475580469,nicki.entenmann,"Nicki Entenmann","I’ll never skip a FW dirty dozen",30,"04/07/2025 14:56",,"IG story",,Lifetime,14347,13619,124,4,15,,14619,15,,
18061759487100040,17841401475580469,nicki.entenmann,"Nicki Entenmann",,6,"04/07/2025 13:10",,"IG story",,Lifetime,13383,12865,157,9,17,,11614,12,,
17926121832046902,17841401475580469,nicki.entenmann,"Nicki Entenmann","I just bought a Vuori one for $130 and this is identical  @oldnavy",49,"04/07/2025 12:56",,"IG story",,Lifetime,13783,12965,86,4,7,828,14076,5,,
18042888758613838,17841401475580469,nicki.entenmann,"Nicki Entenmann","In LOVE with this one  M in both @oldnavy  Top $15
Bottom $18",44,"04/07/2025 12:53",,"IG story",,Lifetime,13635,13044,111,4,13,387,14166,4,,
18037810511256554,17841401475580469,nicki.entenmann,"Nicki Entenmann","$26
I’m in M petite",49,"04/07/2025 12:52",,"IG story",,Lifetime,13668,13218,98,2,5,288,14402,1,,
18175727068320348,17841401475580469,nicki.entenmann,"Nicki Entenmann","Ok this one reminds me of free people!!!
Very southern bell vibes 
I’m in love!
Size M",57,"04/07/2025 12:51",,"IG story",,Lifetime,14007,13400,146,4,13,686,14880,4,,
18102047206514123,17841401475580469,nicki.entenmann,"Nicki Entenmann","Easter Dresses!!! It’s $22
I’m in M Petite 5’4”
145 lbs
Size 6
34D",46,"04/07/2025 12:49",,"IG story",,Lifetime,13999,13533,126,4,5,286,15416,7,,
18108363577493003,17841401475580469,nicki.entenmann,"Nicki Entenmann","For our 10 year 
anniversary trip  But shocker he loved this one where I can’t eat, drink or breath in 😮‍💨😏",15,"04/07/2025 12:29",,"IG story",,Lifetime,14004,13638,193,2,72,,12450,11,,
18121564765446610,17841401475580469,nicki.entenmann,"Nicki Entenmann","Trying on stuff for our 10 year anniversary and Ty came upstairs and said I looked like a jellyfish",9,"04/07/2025 12:23",,"IG story",,Lifetime,14187,13834,140,1,90,,12667,8,,
18349077082155375,17841401475580469,nicki.entenmann,"Nicki Entenmann","We ordered Chinese last night, so I asked for a side of lettuce cups for a simple low carb lunch today 🤜🏼🤛🏼",0,"04/07/2025 10:48",https://instagram.com/stories/nicki.entenmann/3605659563375964812,"IG story",,Lifetime,14972,13925,163,0,3,,14908,35,,
18061899302056432,17841401475580469,nicki.entenmann,"Nicki Entenmann","Plum purple  Ruby red Shade 2 Glow drops  Shade 2 @typologyparis #typologypartner #typologyparis  Great for anyone wanting light coverage! I also have been using glow drops & tinted serum under my makeup if I’m wearing it!",0,"04/07/2025 10:35",,"IG story",,Lifetime,14485,13842,108,4,2,254,14753,6,,
18083800198624369,17841401475580469,nicki.entenmann,"Nicki Entenmann","free Shimmering Dry Oil with Vitamin C + 5 Organic Botanical Oils with their purchase of $40+
 @typologyparis #typologyparis #typologypartner",55,"04/07/2025 10:32",,"IG story",,Lifetime,14823,13988,104,2,2,273,14825,18,,4
18117891925455912,17841401475580469,nicki.entenmann,"Nicki Entenmann","@typologyparis #typologyparis #typologypartner  My favorite lips last month!!!",41,"04/07/2025 10:30",,"IG story",,Lifetime,15032,14215,92,3,2,135,14718,13,,2
17856616902352714,17841401475580469,nicki.entenmann,"Nicki Entenmann","Look how stunning this glow is
This is what I’ve been wearing to the gym !  @typologyparis #typologypartner #typologyparis",46,"04/07/2025 10:28",,"IG story",,Lifetime,15597,14779,117,1,2,244,15203,35,,4
18156327064318503,17841401475580469,nicki.entenmann,"Nicki Entenmann","@typologyparis #typologypartner #typologyparis  Letting my skin breath but still have 
coverage has helped my acne so much!",52,"04/07/2025 10:26",,"IG story",,Lifetime,16246,15160,141,4,9,254,16341,111,,9
18326014474166430,17841401475580469,nicki.entenmann,"Nicki Entenmann","✨ giving one of you a Tineco this week ✨  Favorite home purchase in 2024-tineco vacuum and mop in one! 

Nothing says 
adulting like being excited about cleaning!  Comment “mop” here and like all this weeks reels. That’s it 🫶🏻

Love ya!",0,"04/07/2025 10:08",,"IG story",,Lifetime,17686,16431,284,9,1172,,17671,512,1,
18076234048697440,17841401475580469,nicki.entenmann,"Nicki Entenmann",,9,"04/06/2025 17:30",https://instagram.com/stories/nicki.entenmann/3605136741243161756,"IG story",,Lifetime,11884,11540,7,0,1,143,10717,16,,
17846975787446220,17841401475580469,nicki.entenmann,"Nicki Entenmann",,19,"04/06/2025 17:29",,"IG story",,Lifetime,11310,11125,18,0,0,189,11322,,,
18029380697365254,17841401475580469,nicki.entenmann,"Nicki Entenmann",,12,"04/06/2025 16:39",https://instagram.com/stories/nicki.entenmann/3605111496457229931,"IG story",,Lifetime,13359,12888,156,5,12,76,13177,13,,
18321699226167168,17841401475580469,nicki.entenmann,"Nicki Entenmann","Currently:
Strength train 3x a week
Hyrox/running 2x a week 
Rest 2x a week",27,"04/06/2025 16:39",,"IG story",,Lifetime,12621,12469,37,0,3,,14054,3,1,
18064231133054646,17841401475580469,nicki.entenmann,"Nicki Entenmann","I don’t think so! 

I don’t have any 
hernias or a 
bad enough DR 
to do a tummy tuck
and currently 
don’t want to
be down and recovering
for the vanity of it. 

I’m not against them at all. And I’m  about making a decision best for you and your body but I’m 
honestly not that
 concerned about it. 

no one sees my stomach, I’m grateful for my body and will do what  I can for the skin but not gonna dwell on it",11,"04/06/2025 16:38",https://instagram.com/stories/nicki.entenmann/3605110559533691349,"IG story",,Lifetime,16615,15290,61,0,10,,13232,7,,
17846126700448869,17841401475580469,nicki.entenmann,"Nicki Entenmann","Also love this hydrating oil. My skin looks like glass when I wake up!  @colleenrothschild #crpartner  My acne reduced to half when I started using these-
(They’re massive so cut in half for them to last twice as long)  NICKI20 for 20% off sitewide",0,"04/06/2025 16:26",https://instagram.com/stories/nicki.entenmann/3605104687910604563,"IG story",,Lifetime,14981,14169,23,0,1,139,14719,3,,
18062914240987032,17841401475580469,nicki.entenmann,"Nicki Entenmann","It’s. So. Hard. 

If it was easy-everyone would have their dream body. But everything in life worth having doesn’t come easy. 

My mindset is also to do the hard thing as committed as you can for one entire year-you may not hit your goal in that year, but you’re cementing the habits of the person you want to become……

or you can “start fresh Monday” and lose and gain the same 15 lbs you have for the last 2 decades and obsessed over what your body looks like for the rest of your life. 

That’s not living. 

As you hit milestones-the food noise subsides, the workouts become craved, the sleep is desired. 

The freedom you want is on the other side of doing the work",17,"04/06/2025 15:51",https://instagram.com/stories/nicki.entenmann/3605087146022738761,"IG story",,Lifetime,15497,14676,67,2,10,,15402,15,,
17962866626913929,17841401475580469,nicki.entenmann,"Nicki Entenmann","Same girl, same. I take one every single day without question  This is for new and returning customers!",0,"04/06/2025 15:38",https://instagram.com/stories/nicki.entenmann/3605080771569842277,"IG story",,Lifetime,15851,14834,25,1,3,217,16696,11,,
17933852574009229,17841401475580469,nicki.entenmann,"Nicki Entenmann","I’m doing a 5 day trial on April 14th if you wanna join here!",0,"04/06/2025 15:35",https://instagram.com/stories/nicki.entenmann/3605079908390300816,"IG story",,Lifetime,16180,15083,39,1,3,301,16194,8,,
18069033880902710,17841401475580469,nicki.entenmann,"Nicki Entenmann","I think there are a 
million ways to 
answer this, but the first thing I thought of is -
You are who you surround yourself with. 

I tell this to my kids all the time but it applies when you’re an adult too. 

If you hang with 4 people who gossip, are negative, don’t take accountability, you’ll be the 5th

If you hang with 4 people who communicate, are successsful, happy, inspire, celebrate when you win, talk about goals and not people-you’ll be the 5th",0,"04/06/2025 15:34",https://instagram.com/stories/nicki.entenmann/3605079605637152506,"IG story",,Lifetime,16269,15468,73,1,6,,15912,3,,
17862847377379025,17841401475580469,nicki.entenmann,"Nicki Entenmann","I’ve battled My body
the majority of my life,

But last June I decided to give it my all for one entire year. 
No excuses, no pity parties, not giving up when things got hard. 

I just did the work day after day. I stopped blaming being a mom, 
my hormones, weekends, time
and did it messy. 

Most months I had zero change. 
And really the last 3 months-
I’m reaping all the hard work. 

Most people give up right before it gets good. 
If you’re sick of starting over, stop stopping  June 2024",22,"04/06/2025 15:08",https://instagram.com/stories/nicki.entenmann/3605065397499352545,"IG story",,Lifetime,17064,16273,100,2,17,,16100,15,,
18064386530479641,17841401475580469,nicki.entenmann,"Nicki Entenmann","Prioritized my faith

Less scrolling, more reading 

Stopped allocating time trying to be liked by all and focus strengthening the relationships that matter most

Said no more than yes 

Traveled 

Good skincare

Worked out really hard 

This has been such a great year 
for me and trust God to 
continue to bless it",0,"04/06/2025 14:59",,"IG story",,Lifetime,15389,15015,161,1,16,,18986,17,1,
17886675192245771,17841401475580469,nicki.entenmann,"Nicki Entenmann","Thank you!!! I have been in a deficit since January
 (and v strict!) 

I actually hit 
my goal of today 🥳🥳
 (I’m 143 lbs-
wanted to be 145)
so im putting myself 
back in maintence and 
maybe even a little over. 

I have lost a couple lbs of muscle (which is fine when I’ve lost 17 lbs) but I’d like to
make sure I’m staying fueled
to build and be strong for Hyrox",0,"04/06/2025 14:48",https://instagram.com/stories/nicki.entenmann/3605055376489938486,"IG story",,Lifetime,17685,16753,158,3,39,,17834,24,,
18056219984176734,17841401475580469,nicki.entenmann,"Nicki Entenmann","72 hours post RF microneedling  Good! It’s more sandpaper like now and doesn’t hurt at all! 

 I did a “stomach” highlight too",0,"04/06/2025 14:44",https://instagram.com/stories/nicki.entenmann/3605053154213329306,"IG story",,Lifetime,16831,16437,49,3,6,,14880,37,,
18504291451042281,17841401475580469,nicki.entenmann,"Nicki Entenmann","✨ ✨ ✨ ✨ Ran with my girls today 🤜🏼🤛🏼
🦌🦌🦌 ✨",0,"04/06/2025 14:40",,"IG story",,Lifetime,17257,16685,76,0,0,,17991,11,,2
17903054373149498,17841401475580469,nicki.entenmann,"Nicki Entenmann","@hyroxamerica 8 weeks from today 😮‍💨 Followed by 100M lunges",6,"04/06/2025 14:15",,"IG story",,Lifetime,18333,17739,74,0,8,,15889,18,,257
18081927691581583,17841401475580469,nicki.entenmann,"Nicki Entenmann","Another blessing from God to wake up and run in His beautiful creation 🙏🏼☀️🐦‍⬛",15,"04/06/2025 14:00",,"IG story",,Lifetime,20196,19428,232,1,18,,19681,95,,
18476265175071240,17841401475580469,nicki.entenmann,"Nicki Entenmann","Elite combo",0,"04/05/2025 16:20",,"IG story",,Lifetime,13104,12848,56,0,14,,13904,20,,
17905088799039051,17841401475580469,nicki.entenmann,"Nicki Entenmann","Sports canceled cuz of ❄️

Anyone see the new Minecraft movie yet?!",0,"04/05/2025 09:26",,"IG story",,Lifetime,14682,14324,37,0,26,,15633,11,,
18091464946512032,17841401475580469,nicki.entenmann,"Nicki Entenmann","Casual date night",0,"04/05/2025 09:23",,"IG story",,Lifetime,15163,14455,113,1,25,1042,15407,8,1,
17974567424833695,17841401475580469,nicki.entenmann,"Nicki Entenmann",,11,"04/05/2025 09:22",,"IG story",,Lifetime,15040,14598,26,0,6,225,12915,9,,
17902188126050811,17841401475580469,nicki.entenmann,"Nicki Entenmann","@kodiakcakes choc chip protein waffle dipped in coffee is elite 
💅💅💅",5,"04/05/2025 08:30",,"IG story",,Lifetime,15590,15100,59,0,3,,14795,25,1,19
17882574153258124,17841401475580469,nicki.entenmann,"Nicki Entenmann",,0,"04/04/2025 12:05",,"IG story",,Lifetime,11730,11575,13,0,1,73,12461,37,,
18494982538052887,17841401475580469,nicki.entenmann,"Nicki Entenmann",,0,"04/04/2025 12:04",,"IG story",,Lifetime,11964,11765,17,1,0,71,12371,5,1,
18185548102312581,17841401475580469,nicki.entenmann,"Nicki Entenmann","@rocketmoney #ad",56,"04/04/2025 11:57",,"IG story",,Lifetime,12860,12580,17,0,1,38,13451,3,,
17901181485158288,17841401475580469,nicki.entenmann,"Nicki Entenmann","@rocketmoney #ad  Ty’s nerdy spreadsheet
 < rocket money app",55,"04/04/2025 11:56",,"IG story",,Lifetime,13145,12856,22,0,3,26,14033,8,,
18075756154696253,17841401475580469,nicki.entenmann,"Nicki Entenmann","Taco meat, Greek yogurt, 
a little cheese  Sweet potato 
(Air fryer) Lettuce & 🥑 Another day, another basic b meal",0,"04/04/2025 11:43",,"IG story",,Lifetime,13631,13190,50,0,8,259,14199,8,,
18060592028287116,17841401475580469,nicki.entenmann,"Nicki Entenmann","Heavily requested 
what I eat in a day 💅",15,"04/04/2025 11:35",,"IG story",,Lifetime,14177,13384,80,1,13,,14311,19,,
18083490601720192,17841401475580469,nicki.entenmann,"Nicki Entenmann","CRIMINAL BEHAVIOR  Me if I tried to free lip like the 5k+ of you who voted no undies with the leggings yesterday 😮‍💨",7,"04/04/2025 11:24",,"IG story",,Lifetime,13575,12998,70,13,84,,11556,16,,
18086649268608907,17841401475580469,nicki.entenmann,"Nicki Entenmann","Much lighter/glowy on the skincare in spring
Letting my skin breath and not going heavy on makeup 
Washing makeup brushes weekly",55,"04/04/2025 11:09",,"IG story",,Lifetime,14087,13387,31,0,5,,14568,42,,
17848511781411131,17841401475580469,nicki.entenmann,"Nicki Entenmann","Looks more painful than it feels! All good in the hood over here",50,"04/04/2025 10:57",https://instagram.com/stories/nicki.entenmann/3603489797655609999,"IG story",,Lifetime,18025,16254,77,3,20,,13516,40,,
17927870724044174,17841401475580469,nicki.entenmann,"Nicki Entenmann","That spring snow tho 🥵😒",32,"04/03/2025 14:38",,"IG story",,Lifetime,15298,14572,91,2,42,,16386,63,,
18072412924889827,17841401475580469,nicki.entenmann,"Nicki Entenmann","This set is old but I did link a bunch of others that are in major clearance",0,"04/03/2025 13:55",,"IG story",,Lifetime,15002,14459,28,1,2,543,15971,14,,
18011223470720250,17841401475580469,nicki.entenmann,"Nicki Entenmann","Burger  Bagged sunflower 
crunch salad  Sweet potatooooo Food = Fuel",0,"04/03/2025 13:41",https://instagram.com/stories/nicki.entenmann/3602847507933626783,"IG story",,Lifetime,16177,15140,66,0,4,1,15998,9,,
18173960434325661,17841401475580469,nicki.entenmann,"Nicki Entenmann","On Amazon-love this brand
Under $20 
I’m in size 9 (same as my Oura)",35,"04/03/2025 13:37",,"IG story",,Lifetime,15866,15013,39,14,7,767,16859,5,,
17884984059250000,17841401475580469,nicki.entenmann,"Nicki Entenmann","My goal is to never push anyone to try 
anything if they don’t want to- it is and will 
always be to be honest, share new technology
 that’s out there and share my journey 
and I hope you all understand that 🫶🏻",0,"04/03/2025 13:35",,"IG story",,Lifetime,15471,15012,75,0,12,,15570,6,,
18091435573580188,17841401475580469,nicki.entenmann,"Nicki Entenmann",JAIL,13,"04/03/2025 13:02",,"IG story",,Lifetime,16121,15405,33,1,11,,15954,11,,
18020889521676006,17841401475580469,nicki.entenmann,"Nicki Entenmann","NICKI15 should work for 15% off !  Tanning lotion vs foam",60,"04/03/2025 12:57",,"IG story",,Lifetime,16062,15350,24,6,2,94,16545,6,,
17890374723214816,17841401475580469,nicki.entenmann,"Nicki Entenmann","BE GONE BALL SACK TUMMY SKIN",20,"04/03/2025 12:52",https://instagram.com/stories/nicki.entenmann/3602822767596633930,"IG story",,Lifetime,19177,17610,52,2,28,,13550,11,,
18054999059183657,17841401475580469,nicki.entenmann,"Nicki Entenmann","3 hour update:  Went to @longevitylabwellness if you’re local!",52,"04/03/2025 12:51",https://instagram.com/stories/nicki.entenmann/3602822429586174845,"IG story",,Lifetime,20098,18166,42,12,8,,14001,6,,97
18072315052687436,17841401475580469,nicki.entenmann,"Nicki Entenmann","@thrivemarket  @thrivemarket #thrivemarketpartner  Online grocery store that cares about you!  Use this link and you’ll get 25% off select sale items PLUS an extra 30% off your first order and a free gift!",0,"04/03/2025 11:12",,"IG story",,Lifetime,18038,17202,17,0,0,40,18766,14,,
18058332863283613,17841401475580469,nicki.entenmann,"Nicki Entenmann","@longevitylabwellness out here doing the Lords work",9,"04/03/2025 09:50",https://instagram.com/stories/nicki.entenmann/3602730978914611684,"IG story",,Lifetime,22881,20718,66,3,20,,18060,16,,132
18054548063175162,17841401475580469,nicki.entenmann,"Nicki Entenmann","She’s 
A 
Survivor",0,"04/03/2025 09:48",,"IG story",,Lifetime,19774,18752,57,0,8,,23360,9,,
18296775001169802,17841401475580469,nicki.entenmann,"Nicki Entenmann","My lips could never just raw dog leggings! 

Thong girl thru and thru 🫡",0,"04/03/2025 08:22",,"IG story",,Lifetime,21803,20300,33,11,68,,21858,37,,
17926005612045694,17841401475580469,nicki.entenmann,"Nicki Entenmann",,60,"04/03/2025 08:19",https://instagram.com/stories/nicki.entenmann/3602685587946995997,"IG story",,Lifetime,26510,23249,51,6,15,,22234,39,,
17970978923845927,17841401475580469,nicki.entenmann,"Nicki Entenmann","Ok I rarely say you “need” something. But these thongs designed specifically for workouts are 100/10. 

DIDNT budge an inch on leg day!

Not a pedgie to be seen 💅💅
I’m in size m",27,"04/02/2025 13:44",,"IG story",,Lifetime,20240,17632,54,10,22,2213,20975,51,,
18064311967807479,17841401475580469,nicki.entenmann,"Nicki Entenmann","Wore these constantly last month
All links and colors here",60,"04/02/2025 10:35",,"IG story",,Lifetime,11667,11250,18,0,4,146,11823,20,1,
17961669383874445,17841401475580469,nicki.entenmann,"Nicki Entenmann","Ok I don’t go crazy over every drop but this one omggggg The stripes 🥹",0,"04/02/2025 10:23",,"IG story",,Lifetime,11835,11543,12,6,0,91,12257,10,,
17864538705287930,17841401475580469,nicki.entenmann,"Nicki Entenmann","G morning to 
everyone 
but an 
April snow 😵‍💫😮‍💨",0,"04/02/2025 10:22",,"IG story",,Lifetime,12295,11833,38,0,6,,12326,15,,
18025524338458053,17841401475580469,nicki.entenmann,"Nicki Entenmann","Remember last 
year when 
my kids wanted a pen pal? 

Paisley and her pal still write to each other a year later 
and my inner child is beaming🥹",0,"04/01/2025 17:37",,"IG story",,Lifetime,12676,12066,118,0,7,,12052,26,,
18036246068286541,17841401475580469,nicki.entenmann,"Nicki Entenmann","My 
Beef
Curtains
Could
Never",0,"04/01/2025 12:22",,"IG story",,Lifetime,9932,9495,21,11,35,,10421,10,,
18077576785703538,17841401475580469,nicki.entenmann,"Nicki Entenmann","My team is amazingggggg-and they’re expanding and taking a few additional clients. 

This is really niche but if you’re looking for someone:team to help with your affiliate business-drop your email jeee",60,"04/01/2025 12:16",,"IG story",,Lifetime,10056,9528,44,0,7,,10197,10,,
17942776370971195,17841401475580469,nicki.entenmann,"Nicki Entenmann","6 pack for $9
70k+ reviews 
V basic but great price",28,"04/01/2025 11:51",,"IG story",,Lifetime,10111,9623,14,0,1,114,10598,1,,
18026521478415086,17841401475580469,nicki.entenmann,"Nicki Entenmann","These are what I sleep in!
TTS
This is a true full booty
Thick double lined waistband",46,"04/01/2025 11:51",,"IG story",,Lifetime,10382,9710,20,1,4,317,10716,3,1,
18057366686121523,17841401475580469,nicki.entenmann,"Nicki Entenmann","Still breathable 
but a touch thicker 
Sweat wicking
Double lined in kitty area",50,"04/01/2025 11:51",,"IG story",,Lifetime,10703,9726,20,3,4,659,10747,4,,
17845123671433365,17841401475580469,nicki.entenmann,"Nicki Entenmann","9 pack for $21
Great for more booty coverage 
V cut 
Silky and seamless 
10/10",52,"04/01/2025 11:51",,"IG story",,Lifetime,10393,9598,11,0,4,206,10678,2,,
18052532839988527,17841401475580469,nicki.entenmann,"Nicki Entenmann","These are my personal favorite 
It’s giving Skims
High waist, thick waste band, seamless 
Perfect for everyday",60,"04/01/2025 11:51",,"IG story",,Lifetime,10656,9637,40,2,14,822,10471,2,,
18056989156906559,17841401475580469,nicki.entenmann,"Nicki Entenmann",,0,"04/01/2025 11:39",,"IG story",,Lifetime,10150,9594,59,33,16,,10520,6,,
17960566664866010,17841401475580469,nicki.entenmann,"Nicki Entenmann","Work smarter, not harder",53,"04/01/2025 11:27",,"IG story",,Lifetime,10806,10267,41,4,14,205,10262,8,,
17954832710923344,17841401475580469,nicki.entenmann,"Nicki Entenmann",,59,"04/01/2025 11:23",,"IG story",,Lifetime,11029,10475,42,0,10,,10348,7,,
